table_id,aee_domain,variable_id,indicator_name,dataset_product,provider_source,year_or_download_date,spatial_resolution_geometry,crs,filter_rules_or_tags,network_or_model_parameters,weights_or_formula,aggregation_to_500m_hex,transformation,missingness,polarity_high_means,used_in_pca,used_in_gmm_clustering,script,notes_limitations
A1,Spatial framework,municipality_boundary,Study-area boundary,Odense municipality districts (SHP/GPKG; also embedded in accessibility GPKGs),Local Map Layers (GIS export; original SDFE/DAGI municipal boundary),File dated ~2026-06-01; reused in v1 2026-07-29,Polygon districts (30 districts in walk GPKG layer),EPSG:25832 (analysis CRS),Union of districts = municipal study boundary,,,Defines clip boundary for hex grid,,,,No,No,shared inputs,Local project file
A1,Spatial framework,hex_grid_500m,Analytical spatial unit,Canonical analysis hexes from walking_accessibility_500m_hexagons (n=1539); source Map Layers Odense-500mHexaCells clipped to municipality,Local Map Layers / prior accessibility run,Analysis grid established ~2026-06-01; v1 2026-07-29,"Regular hexagons, 500 m; n=1,539 after clip; municipality area ~304.37 km2",EPSG:25832,Clipped to municipal boundary; Stage B merges indicators on centroid cell_key,,,Primary analysis unit,,,,No,No,shared inputs,All indicators aggregated to this grid
A1,Accessibility,walk_access_15m,Walking service accessibility (15 min),OpenStreetMap walk network + amenity/shop/leisure POIs,OpenStreetMap via OSMnx (live Overpass download),Exact OSM retrieval timestamp not stored; analysis GPKG 2026-06-01; reused in v1 2026-07-29 (method unchanged),Network edges + POI points/representative points of polygons,EPSG:25832,"network_type=walk, undirected, retain_all; services snapped if <=200 m from graph; categories: food_retail, health, education_childcare, food_drink, civic_daily_services, recreation","Speed 1.34 m/s; threshold 15 min only (~1,206 m); decay s=exp(-d/700), beta=700 m; multi-source Dijkstra",Category weights 0.25/0.20/0.15/0.15/0.15/0.10; weighted sum then min-max to 0-100,Hex centroid accessibility score on walk network,Beyond cutoff score=0; else quintiles among accessible cells for classes; continuous 0-100 for modelling,655/1539 cells beyond 15 min for all categories (validation),Better walking access to daily services,Yes,Yes (v1),walkability_index_revised.py,Walking index is 15 min only (not dual 5-15). OSM completeness varies. Not re-downloaded in v1.
A1,Accessibility,bike_access_5m,Cycling service accessibility (5 min),OpenStreetMap bike network + same service POIs as walking,OpenStreetMap via OSMnx,GPKG 2026-06-01; reused in v1 2026-07-29,Network edges + POI points,EPSG:25832,"network_type=bike, undirected; services snapped if <=250 m; same service taxonomy as walking","Speed 15 km/h; threshold 5 min (1,250 m); decay exp(-d/1800), beta=1,800 m",Same category weights as walking; min-max 0-100,Hex-level bike accessibility score,Beyond-cutoff class + quintiles among accessible; continuous 0-100,Beyond 5 min: 614/1539 (validation),Better cycling access to daily services,Yes,No (15-min used in GMM),bikeability_index_odense.py,OSM bike network completeness varies. Not re-downloaded in v1.
A1,Accessibility,bike_access_15m,Cycling service accessibility (15 min),OpenStreetMap bike network + same service POIs as walking,OpenStreetMap via OSMnx,GPKG 2026-06-01; reused in v1 2026-07-29,Network edges + POI points,EPSG:25832,"network_type=bike, undirected; snap <=250 m; same service taxonomy","Speed 15 km/h; threshold 15 min (3,750 m); decay beta=1,800 m",Same category weights as walking; min-max 0-100,Hex-level bike accessibility score,Beyond-cutoff + quintiles; continuous 0-100,Beyond 15 min: 52/1539 (validation),Better cycling access to daily services,Yes,Yes (v1),bikeability_index_odense.py,OSM bike network completeness varies. Not re-downloaded in v1.
A1,Accessibility,pt_stop_access_10m,Public-transport stop access (10 min walk),OpenStreetMap PT stops/stations + OSM walk network,OpenStreetMap via OSMnx (not GTFS / Rejseplanen),GPKG 2026-06-01; reused in v1 2026-07-29,PT stop points + walk network,EPSG:25832,"Stops snapped if <=200 m; categories: bus_stop, platform/stop_position, rail/tram, transport_hub","Walk speed 1.34 m/s; threshold 10 min (~804 m); decay beta=1,000 m",Composite = 50% nearest all-stop score + 50% weighted PT-category composite; 0-100,Hex-level stop-access score,Beyond-cutoff + quintiles; continuous 0-100,Beyond 10 min: 989/1539 (validation),Better first-/last-mile stop-access potential,Yes,No (20-min used in GMM),public_transport_stop_accessibility_index_odense.py,"Stop-access potential only; no timetable, frequency, transfers, or fares"
A1,Accessibility,pt_stop_access_20m,Public-transport stop access (20 min walk),OpenStreetMap PT stops/stations + OSM walk network,OpenStreetMap via OSMnx (not GTFS / Rejseplanen),GPKG 2026-06-01; reused in v1 2026-07-29,PT stop points + walk network,EPSG:25832,Same PT categories as 10-min indicator,"Walk speed 1.34 m/s; threshold 20 min (~1,608 m); decay beta=1,000 m",50% all-stop + 50% category composite; 0-100,Hex-level stop-access score,Beyond-cutoff + quintiles; continuous 0-100,Beyond 20 min: 630/1539 (validation),Better first-/last-mile stop-access potential,Yes,Yes (v1),public_transport_stop_accessibility_index_odense.py,Stop-access potential only; not full PT accessibility
A1,Environment,green_share_pct,Green / natural land-cover share,"GeoDanmark composite official_landcover_natural.gpkg (from geodanmark_odense_official.gpkg / GEODKV WFS; classes include skov, vaadomraade, kratbevoksning and related natural features; total natural ~42.1 km2 in Odense clip)",GeoDanmark via Datafordeler (GEODKV); portal Dataforsyningen / Klimadatastyrelsen,Downloaded 2026-07-29 (product registration dates per GeoDanmark feature),Polygon (dissolved multipolygon for Odense),EPSG:25832,Official natural/green GeoDanmark classes in composite (not OSM leisure tags); agriculture not included as green in this composite,,green_area_m2 / clipped_cell_area_m2 * 100,Area overlay intersection share,Continuous %; also used as green_share_norm in env quality/burden,None for share (0% possible); mean ~14.53%,Higher official natural/green share in cell,Yes,Yes (v1),01_build_official_green_and_env_v1.py (writes green_area_share GPKG),Official natural land cover; not necessarily publicly accessible green space. Replaces OSM green used in previous run.
A1,Environment,blue_pct,Blue / water-cover share,"GeoDanmark composite official_blue.gpkg (soe, bassin and related water features; ~4.0 km2)",GeoDanmark via Datafordeler (GEODKV); Dataforsyningen / Klimadatastyrelsen portal,Downloaded 2026-07-29,Polygon,EPSG:25832,Official water features in blue composite,,blue_area_m2 / cell_area_m2 * 100; enters env_quality/burden via blue_share_norm (quality weight 0.08),Area overlay intersection share,Continuous %,None (0% possible); mean ~1.39%,Higher water coverage,Indirect (via env_quality/env_burden),Indirect (via env_quality),01_build_official_green_and_env_v1.py,Component of environmental composites; not a standalone GMM feature
A1,Environment,eco_pct,Protected / §3 nature share,protected_nature.gpkg / ecological_health_vector.gpkg = WDPA (Protected Planet DNK) union LBST paragraf3_protected_nature.gpkg,UNEP-WCMC Protected Planet (WDPA); Landbrugsstyrelsen (LBST) via geodata.fvm.dk,WDPA DNK extract Jul 2026; LBST downloaded 2026-07-29,Polygon,EPSG:25832,Merged protected / §3 nature features clipped to Odense,,eco_area_m2 / cell_area_m2 * 100; eco_share_norm weight 0.12 in quality; low_eco in burden 0.10,Area overlay intersection share,Continuous %,None (0% possible); mean ~7.56%,Higher protected/§3 nature coverage,Indirect (via env_quality/env_burden),Indirect (via env_quality),01_build_official_green_and_env_v1.py,Citation: UNEP-WCMC via protectedplanet.net (DNK)
A1,Environment,builtup_pct,Built-up area share,"GeoDanmark composite official_builtup.gpkg (bygning, bykerne, hoejbebyggelse, lavbebyggelse, erhverv, etc.; ~86.7 km2)",GeoDanmark via Datafordeler (GEODKV); Dataforsyningen / Klimadatastyrelsen portal,Downloaded 2026-07-29,Polygon,EPSG:25832,Official built-up / settlement GeoDanmark classes in composite,,built-up area / cell area * 100; also in quality (builtup_inverse 0.12) and burden (builtup 0.18),Area overlay share,Continuous %,None (0% possible); mean ~26.56%,More built-up surface,Yes,Yes (v1),01_build_official_green_and_env_v1.py,Replaces OSM building/landuse built-up from previous run
A1,Environment,road_buf_pct,Major-road buffer exposure share,GeoDanmark official_roads.gpkg (vejmidte); major roads filtered by trafikart/vejkategori,GeoDanmark via Datafordeler (GEODKV),Downloaded 2026-07-29,Lines buffered to polygons (50 m),EPSG:25832,"Major classes only (Motorvej, Hovedrute, Primær/Sekundær routes, etc.); ~112 segments used after filter",Buffer distance 50 m (v1 official builder),buffered road area / cell area * 100; quality road_burden_inverse 0.10; burden road_burden 0.15,Area overlay share,Continuous %,None (0% possible); mean ~1.29% (stricter than previous OSM 100 m buffer),Greater exposure to major-road corridor,Yes,Yes (v1),01_build_official_green_and_env_v1.py,Definition change vs previous OSM 100 m motorway–tertiary buffer; not measured noise/air
A1,Environment,env_quality,Environmental quality composite,"Official multi-source: natural, blue, built-up, major roads, protected nature, noise vector, heat/noise/air rasters",GeoDanmark; WDPA; LBST; Vejdirektoratet; ESA CLIM4cities; Open-Meteo/CAMS (air interim),Official layers processed 2026-07-29,Polygon overlays + 50 m road buffers + rasters (~50–100 m),EPSG:25832,See component variables; weights only applied to non-constant available indicators then renormalised,,v1 quality weights (pre-renorm candidates): green 0.18; blue 0.08; builtup_inverse 0.12; road_burden_inverse 0.10; official_natural 0.15; eco 0.12; noise_share_inverse 0.08; heat_inverse 0.09; noise_mean_inverse 0.08 → min-max * 100,Component shares/means → weighted composite,Min-max within municipality to 0-100,Raster gaps possible (heat valid 1526/1539; noise mean valid 389/1539; air 1539/1539),Higher environmental quality,Yes,Yes (v1),01_build_official_green_and_env_v1.py,Official-first v1; air is interim CAMS proxy pending DCE. Highly correlated with env_burden (|r|~0.96).
A1,Environment,env_burden,Environmental burden composite,Same official multi-source layers as env_quality,Same as env_quality,Processed 2026-07-29,Same as env_quality,EPSG:25832,"Same components; burden polarity (low green, high built-up, heat, noise, air)",,v1 burden candidates: low_green 0.12; builtup 0.18; road_burden 0.15; low_official_natural 0.10; low_eco 0.10; noise_share 0.10; heat 0.12; noise_mean 0.08; air 0.05 → min-max * 100,Component shares/means → weighted composite,Min-max to 0-100,Same raster gaps as env_quality,Higher environmental pressure / burden,Yes,No (dropped |r|=0.961 with env_quality),01_build_official_green_and_env_v1.py; geoai_functional_urc_typology_odense.py,Excluded from GMM due to near-perfect correlation with env_quality
A1,Environment,heat_mean,Summer land-surface temperature (mean),heat_raster.tif from ESA CLIM4cities Sentinel-3 SLSTR downscaled LST (Zenodo 10.5281/zenodo.20863040),ESA / Zenodo CLIM4cities,Scenes Jun–Aug 2020–2023; processed to Odense raster 2026-07-29,"Raster ~100 m, EPSG:25832",EPSG:25832,Mean of summer scenes over Odense bbox; units °C; LST not air temperature,,Zonal mean per hex; heat_mean_inverse_norm in quality (0.09); heat_mean_norm in burden (0.12),Zonal statistics (mean),Min-max norms for composites,Valid 1526/1539 hexes,Higher LST (heat stress proxy),Yes (optional column if present),Indirect (via env_quality),01_build_official_green_and_env_v1.py,"Land surface temperature, not canopy air temperature"
A1,Environment,noise_mean,Road-traffic noise Lden (mean),noise_vector.gpkg / noise_raster.tif — Vejdirektoratet Støjkortlægning af statsveje 2022,Vejdirektoratet,Mapping year 2022; downloaded 2026-07-29,Polygon Lden bands + 50 m raster,EPSG:25832,State roads only (not full municipal road network),Midpoint of Isov1–Isov2 dB band for rasterisation,Zonal mean dB and/or noise_share; enters quality/burden,Area share and/or zonal mean,Min-max norms for composites,noise_mean valid 389/1539 (many cells outside state-road noise footprint),Higher traffic noise exposure,Yes (optional),Indirect (via env_quality),01_build_official_green_and_env_v1.py,State roads only
A1,Environment (interim),air_pollution_mean,Air pollution proxy (NO2 mean),air_quality_raster.tif — Open-Meteo Air Quality API (CAMS-based),Open-Meteo / Copernicus CAMS (interim placeholder),Pulled 2026-07-29,Raster (coarse regional surface),EPSG:25832,Interim only; strategy is to replace with DCE Luften på din vej / AirGIS,,Zonal mean; burden weight air_pollution_mean_norm 0.05,Zonal mean,Min-max norm for burden,Valid 1539/1539 in v1 run,Higher NO2 proxy,Yes (optional),Indirect (small burden weight via env composites),01_build_official_green_and_env_v1.py,INTERIM — do not claim as Danish national air quality mapping; replace with DCE
A1,Demographics / morphology proxy,pop_density_km2,Population density estimate (persons/km2),"dst_kvadratnet_population.gpkg built from (i) 1 km population density class map PopulationDensity_InMainDistrict (classes 1-19…400>) from Urban Science_Odence accessibility Geographic Data; (ii) municipality total KOMM_TOT_21 = 205,987",Density classes: project GIS layer with DST-style legend; control total: municipal Basisdata_o KOMM_TOT_21.dbf (kommune 461),KOMM_TOT year 2021; density class layer ~2025 project file; hex product built 2026-07-29,1 km square density-class cells (n≈330 unique) areal-interpolated to 500 m hex,EPSG:25832,Class midpoints: 1-19→10; 20-49→34.5; 50-99→74.5; 100-149→124.5; 150-399→274.5; 400>→500 persons/km2,,"raw = midpoint × cell_km2; scale so Σ = 205,987; pop_density_km2 = hex population / hex km2",Areal interpolation from 1 km class grid,Continuous density; also morphology feature in GMM,"Age fields NaN; density range in hex validation 0–1626 persons/km2; total ~205,981",Higher estimated population concentration,Yes,Yes (INCLUDE_DENSITY_AS_MORPHOLOGY=True in v1),00_build_demographic_source_grid_v1.py; demographic_indicator_index_odense.py; geoai_functional_urc_typology_odense.py,NOT paid Statistics Denmark Kvadratnet person counts. Density-class estimate scaled to municipality total. Suitable as morphology/urbanity proxy; not census-grade hex population.
A1,Demographics / equity (excluded from clustering),demographic_vulnerability,Demographic vulnerability composite,Derived from hex total population / density (age/socio if available),Constructed in demographic_indicator_index_odense.py,2026-07-29,Hex-level composite,EPSG:25832,Only non-constant available components used; weights renormalised,,Min-max 0-100; available components only (density; age/socio if present); migration-origin excluded,From hex total population / density,0-100; quintile classes,Age/socio unavailable (age vulnerability share = 0),Higher relative demographic vulnerability score (proxy),No (excluded from feature matrix),No (excluded),demographic_indicator_index_odense.py; aee_pca_umap_feature_space_odense.py; geoai_functional_urc_typology_odense.py,Total population only; migration-origin fields not used; excluded from typology clustering
A1,Demographics (municipality only; not hex),komm_tot_age_sex_2021,Municipality age×sex population totals,Basisdata_o/Befolkning/KOMM_TOT_21.dbf (TYPE=Maend/Kvinder; ALD_0…ALD_110),Municipal population register extract (Odense kommune 461),2021,Municipality (single unit),N/A (tabular),Maend + Kvinder rows; exclude deaths/moves rows,,"Total = 205,987; used as control total for density scaling",Not disaggregated to hex (no age on hex),,N/A at hex,,No,No,00_build_demographic_source_grid_v1.py (control total only),Documented for appendix context; hex age/sex still unavailable without DST Kvadratnet or BEFOLKNINGSDATA×1km crosswalk
