benchmark,n_cells,adjusted_rand_index,normalised_mutual_information,main_typology_classes,benchmark_classes
builtup_intensity_quintile,1539,0.1510111536519931,0.21202518717369792,4,5
green_share_quintile,1539,0.018284991198391387,0.023345920507367935,4,5
functional_urc_score_quintile,1539,0.1889381741213354,0.254098417632978,4,5
accessibility_quintile,1539,0.20018005226282526,0.27103477972490725,4,5
environmental_quality_quintile,1539,0.10723819291183966,0.16043272780421808,4,5
benchmark_accessibility_only,1539,0.29069986967366307,0.2874834849878367,4,6
benchmark_environment_only,1539,0.21070691614805487,0.22313762546691301,4,6
benchmark_morphology_density_only,1539,0.18140963954411135,0.18225834371043173,4,6
benchmark_access_environment_only,1539,0.28155608081283706,0.27645027322999066,4,6
