relative_path,size_bytes,suffix
.gitignore,104,
DATA_LICENSING.md,2204,.md
Map Layers/Demographic/README_odense_demographics_extract.json,2415,.json
Map Layers/Demographic/demographic_source_v1_validation.txt,503,.txt
Map Layers/Demographic/dst_kvadratnet_population.gpkg,405504,.gpkg
Map Layers/Demographic/inventory_UrbanScience_Odence_GeographicData_demographics.csv,946,.csv
Map Layers/Demographic/odense_1km_ikkevestlig_turkey_2021.csv,7892,.csv
Map Layers/Demographic/odense_1km_ikkevestlig_turkey_2021.gpkg,188416,.gpkg
Map Layers/Demographic/odense_1km_pop_estimate_v1.csv,21537,.csv
Map Layers/Demographic/odense_1km_population_density_classes.csv,35385,.csv
Map Layers/Demographic/odense_1km_population_density_classes.gpkg,495616,.gpkg
Map Layers/Demographic/odense_2021_KODE_dictionary_and_counts.csv,482,.csv
Map Layers/Demographic/odense_2021_municipality_age_sex_single_year.csv,2480,.csv
Map Layers/Demographic/odense_2021_municipality_summary.csv,731,.csv
Map Layers/Demographic/odense_2021_stock_by_OMRP_age_sex.csv,44449,.csv
Map Layers/Demographic/odense_basisdata_o/demographic_source_v1_validation.txt,597,.txt
Map Layers/Demographic/odense_basisdata_o/odense_1km_pop_estimate_v1.csv,18746,.csv
Map Layers/Demographic/odense_osm_place_population_points.gpkg,114688,.gpkg
Map Layers/Odense-500mHexaCells_1.gpkg,954368,.gpkg
Map Layers/Odense_Municipality.cpg,5,.cpg
Map Layers/Odense_Municipality.dbf,696,.dbf
Map Layers/Odense_Municipality.prj,403,.prj
Map Layers/Odense_Municipality.shp,18420,.shp
Map Layers/Odense_Municipality.shx,340,.shx
Map Layers/Odense_Municipality_1.gpkg,135168,.gpkg
Map Layers/Official Environmental/AIR_DATA_STRATEGY_DCE_PRIMARY.md,2217,.md
Map Layers/Official Environmental/DCE_AIR_DATA_REQUEST_EMAIL.txt,2235,.txt
Map Layers/Official Environmental/air_quality_openmeteo_samples.csv,79201,.csv
Map Layers/Official Environmental/air_quality_pm25_raster.tif,54935,.tif
Map Layers/Official Environmental/air_quality_raster.tif,59971,.tif
Map Layers/Official Environmental/ecological_health_vector.gpkg,1413120,.gpkg
Map Layers/Official Environmental/geodanmark_odense_download_summary.csv,442,.csv
Map Layers/Official Environmental/heat_noise_air_provenance.txt,1047,.txt
Map Layers/Official Environmental/heat_raster.tif,302706,.tif
Map Layers/Official Environmental/lbst_odense_download_summary.csv,183,.csv
Map Layers/Official Environmental/noise_raster.tif,44726,.tif
Map Layers/Official Environmental/noise_vector.gpkg,831488,.gpkg
Map Layers/Official Environmental/official_blue.gpkg,1486848,.gpkg
Map Layers/Official Environmental/official_builtup.gpkg,2097152,.gpkg
Map Layers/Official Environmental/official_landcover_natural.gpkg,1871872,.gpkg
Map Layers/Official Environmental/official_roads.gpkg,39698432,.gpkg
Map Layers/Official Environmental/paragraf3_odense_features.gpkg,1536000,.gpkg
Map Layers/Official Environmental/paragraf3_protected_nature.gpkg,999424,.gpkg
Map Layers/Official Environmental/protected_nature.gpkg,1413120,.gpkg
Map Layers/Official Environmental/wdpa_odense_features.gpkg,1179648,.gpkg
README.md,13828,.md
UPLOAD_TO_GITHUB.md,1271,.md
docs/AEE_Clustering_Feature_Sets.csv,878,.csv
docs/AEE_Dataset_Inventory_Odense.csv,13226,.csv
docs/AEE_Dataset_Inventory_Odense.xlsx,14033,.xlsx
docs/AEE_Geospatial_Data_Groups.csv,3257,.csv
docs/AEE_Geospatial_Data_and_Indicator_Groups.xlsx,17111,.xlsx
docs/AEE_Indicator_Groups.csv,4464,.csv
docs/Appendix_Table_A1_Complete_Variable_Metadata_Publication.csv,10187,.csv
docs/Appendix_Table_A1_Complete_Variable_Metadata_Publication.xlsx,25869,.xlsx
docs/Appendix_Table_A1_Data_Sources.xlsx,20946,.xlsx
docs/Appendix_Table_A1_Data_Sources_v1.csv,3822,.csv
docs/Appendix_Table_A1_Data_Sources_v1.md,8796,.md
docs/Appendix_Table_A1_Data_Sources_v1.xlsx,11534,.xlsx
docs/Appendix_Table_A1_variable_dictionary.csv,13675,.csv
docs/Appendix_Table_A1_variable_dictionary_v1.csv,16135,.csv
docs/Appendix_Table_A1_variable_dictionary_v1.xlsx,17488,.xlsx
docs/CODE_INDEX.md,1401,.md
docs/DATA_MANIFEST.csv,24906,.csv
docs/README_V1_REANALYSIS.md,1797,.md
docs/STATUS_V1.md,687,.md
docs/Table_Data_Sources_Updated.csv,1979,.csv
docs/Table_Data_Sources_Updated.md,4021,.md
docs/Table_Data_Sources_Updated.pdf,37226,.pdf
docs/Table_Data_Sources_Updated.png,605303,.png
docs/odense_aee_cs_modelling_pipeline_steps.md,2775,.md
external_sources/komm_tot_2021/KOMM_TOT_21.dbf,19738,.dbf
external_sources/population_density_classes/PopulationDensity_InMainDistrict.cpg,5,.cpg
external_sources/population_density_classes/PopulationDensity_InMainDistrict.dbf,149287,.dbf
external_sources/population_density_classes/PopulationDensity_InMainDistrict.prj,403,.prj
external_sources/population_density_classes/PopulationDensity_InMainDistrict.qmd,2297,.qmd
external_sources/population_density_classes/PopulationDensity_InMainDistrict.shp,278792,.shp
external_sources/population_density_classes/PopulationDensity_InMainDistrict.shx,3436,.shx
figures/Figure_2_Methodological_Workflow_classic.pdf,59628,.pdf
figures/Figure_2_Methodological_Workflow_classic.svg,415401,.svg
figures/Figure_2_Methodological_Workflow_classic_300dpi.png,2068055,.png
figures/Figure_5_PCA_feature_space_GMM_labels.pdf,53082,.pdf
figures/Figure_5_PCA_feature_space_GMM_labels.png,555465,.png
figures/Figure_5_PCA_feature_space_caption.txt,944,.txt
figures/odense_aee_cs_modelling_flowchart_mono.pdf,62306,.pdf
figures/odense_aee_cs_modelling_flowchart_mono.png,1995184,.png
figures/odense_aee_cs_modelling_flowchart_mono.svg,488483,.svg
figures/odense_aee_cs_modelling_pipeline.pdf,88313,.pdf
figures/odense_aee_cs_modelling_pipeline.png,2128492,.png
figures/odense_aee_cs_modelling_pipeline.svg,558954,.svg
odense_osm_walking_accessibility_outputs_1/00_build_demographic_source_grid_v1.py,8738,.py
odense_osm_walking_accessibility_outputs_1/00_dasymetric_demography_v2.py,33728,.py
odense_osm_walking_accessibility_outputs_1/01_build_official_green_and_env_v1.py,14997,.py
odense_osm_walking_accessibility_outputs_1/AEE_Clustering_Feature_Sets.csv,878,.csv
odense_osm_walking_accessibility_outputs_1/AEE_Dataset_Inventory_Odense.csv,13226,.csv
odense_osm_walking_accessibility_outputs_1/AEE_Dataset_Inventory_Odense.xlsx,14033,.xlsx
odense_osm_walking_accessibility_outputs_1/AEE_Geospatial_Data_Groups.csv,3257,.csv
odense_osm_walking_accessibility_outputs_1/AEE_Geospatial_Data_and_Indicator_Groups.xlsx,17111,.xlsx
odense_osm_walking_accessibility_outputs_1/AEE_Indicator_Groups.csv,4464,.csv
odense_osm_walking_accessibility_outputs_1/Appendix_Table_A1_Complete_Variable_Metadata_Publication.csv,10187,.csv
odense_osm_walking_accessibility_outputs_1/Appendix_Table_A1_Complete_Variable_Metadata_Publication.xlsx,25869,.xlsx
odense_osm_walking_accessibility_outputs_1/Appendix_Table_A1_Data_Sources_v1.csv,3822,.csv
odense_osm_walking_accessibility_outputs_1/Appendix_Table_A1_Data_Sources_v1.md,8796,.md
odense_osm_walking_accessibility_outputs_1/Appendix_Table_A1_Data_Sources_v1.xlsx,11534,.xlsx
odense_osm_walking_accessibility_outputs_1/Appendix_Table_A1_variable_dictionary_v1.csv,16135,.csv
odense_osm_walking_accessibility_outputs_1/Appendix_Table_A1_variable_dictionary_v1.xlsx,17488,.xlsx
odense_osm_walking_accessibility_outputs_1/Figure_2_Methodological_Workflow_classic.pdf,59628,.pdf
odense_osm_walking_accessibility_outputs_1/Figure_2_Methodological_Workflow_classic.svg,415401,.svg
odense_osm_walking_accessibility_outputs_1/Figure_2_Methodological_Workflow_classic_300dpi.png,2068055,.png
odense_osm_walking_accessibility_outputs_1/README_V1_REANALYSIS.md,1690,.md
odense_osm_walking_accessibility_outputs_1/STATUS_V1.md,2166,.md
odense_osm_walking_accessibility_outputs_1/Table_Data_Sources_Updated.csv,1979,.csv
odense_osm_walking_accessibility_outputs_1/Table_Data_Sources_Updated.md,4021,.md
odense_osm_walking_accessibility_outputs_1/aee_pca_umap_feature_space_odense.py,22719,.py
odense_osm_walking_accessibility_outputs_1/aee_summary_statistics_table_odense.py,21016,.py
odense_osm_walking_accessibility_outputs_1/bench_run_log.txt,3289,.txt
odense_osm_walking_accessibility_outputs_1/bikeability_index_odense.py,27938,.py
odense_osm_walking_accessibility_outputs_1/chart_run_log.txt,935,.txt
odense_osm_walking_accessibility_outputs_1/demo_run_log.txt,3055,.txt
odense_osm_walking_accessibility_outputs_1/demographic_indicator_index_odense.py,31159,.py
odense_osm_walking_accessibility_outputs_1/env_build_log.txt,649,.txt
odense_osm_walking_accessibility_outputs_1/environmental_index_odense.py,23752,.py
odense_osm_walking_accessibility_outputs_1/generate_aee_cs_modelling_flowchart_mono.py,17530,.py
odense_osm_walking_accessibility_outputs_1/generate_aee_method_workflow_chart.py,9717,.py
odense_osm_walking_accessibility_outputs_1/generate_aee_method_workflow_chart_lean.py,7128,.py
odense_osm_walking_accessibility_outputs_1/generate_figure2_classic_workflow.py,23840,.py
odense_osm_walking_accessibility_outputs_1/generate_figure5_pca_scatter_manuscript.py,6178,.py
odense_osm_walking_accessibility_outputs_1/geoai_functional_urc_typology_odense.py,31439,.py
odense_osm_walking_accessibility_outputs_1/green_area_share_index_odense (1).py,22769,.py
odense_osm_walking_accessibility_outputs_1/green_area_share_index_odense.py,22716,.py
odense_osm_walking_accessibility_outputs_1/manuscript_map_cartography_report.json,16442,.json
odense_osm_walking_accessibility_outputs_1/manuscript_map_regeneration_report.json,15774,.json
odense_osm_walking_accessibility_outputs_1/map_cartography.py,11194,.py
odense_osm_walking_accessibility_outputs_1/map_cartography_rerun_log.txt,9566,.txt
odense_osm_walking_accessibility_outputs_1/map_style_utils.py,11048,.py
odense_osm_walking_accessibility_outputs_1/mismatch_run_log.txt,3607,.txt
odense_osm_walking_accessibility_outputs_1/multisource_environmental_index_odense.py,30116,.py
odense_osm_walking_accessibility_outputs_1/odense_aee_cs_modelling_flowchart_mono.pdf,62306,.pdf
odense_osm_walking_accessibility_outputs_1/odense_aee_cs_modelling_flowchart_mono.png,1995184,.png
odense_osm_walking_accessibility_outputs_1/odense_aee_cs_modelling_flowchart_mono.svg,488483,.svg
odense_osm_walking_accessibility_outputs_1/odense_aee_cs_modelling_pipeline.pdf,88313,.pdf
odense_osm_walking_accessibility_outputs_1/odense_aee_cs_modelling_pipeline.png,2128492,.png
odense_osm_walking_accessibility_outputs_1/odense_aee_cs_modelling_pipeline.svg,558954,.svg
odense_osm_walking_accessibility_outputs_1/odense_aee_cs_modelling_pipeline_detailed.pdf,73777,.pdf
odense_osm_walking_accessibility_outputs_1/odense_aee_cs_modelling_pipeline_detailed.png,2128492,.png
odense_osm_walking_accessibility_outputs_1/odense_aee_cs_modelling_pipeline_detailed.svg,608600,.svg
odense_osm_walking_accessibility_outputs_1/odense_aee_cs_modelling_pipeline_steps.md,2775,.md
odense_osm_walking_accessibility_outputs_1/odense_aee_feature_space_outputs/Figure_5_PCA_feature_space_GMM_labels.pdf,53082,.pdf
odense_osm_walking_accessibility_outputs_1/odense_aee_feature_space_outputs/Figure_5_PCA_feature_space_GMM_labels.png,555465,.png
odense_osm_walking_accessibility_outputs_1/odense_aee_feature_space_outputs/Figure_5_PCA_feature_space_caption.txt,944,.txt
odense_osm_walking_accessibility_outputs_1/odense_aee_feature_space_outputs/odense_aee_cluster_summary.csv,1943,.csv
odense_osm_walking_accessibility_outputs_1/odense_aee_feature_space_outputs/odense_aee_feature_cluster_map.png,986861,.png
odense_osm_walking_accessibility_outputs_1/odense_aee_feature_space_outputs/odense_aee_feature_matrix.csv,311616,.csv
odense_osm_walking_accessibility_outputs_1/odense_aee_feature_space_outputs/odense_aee_feature_matrix_standardised.csv,488817,.csv
odense_osm_walking_accessibility_outputs_1/odense_aee_feature_space_outputs/odense_aee_feature_space_500m.gpkg,884736,.gpkg
odense_osm_walking_accessibility_outputs_1/odense_aee_feature_space_outputs/odense_aee_feature_space_validation.txt,2515,.txt
odense_osm_walking_accessibility_outputs_1/odense_aee_feature_space_outputs/odense_aee_imputation_table.csv,1059,.csv
odense_osm_walking_accessibility_outputs_1/odense_aee_feature_space_outputs/odense_aee_pca_cluster_map.png,984713,.png
odense_osm_walking_accessibility_outputs_1/odense_aee_feature_space_outputs/odense_aee_pca_explained_variance.csv,323,.csv
odense_osm_walking_accessibility_outputs_1/odense_aee_feature_space_outputs/odense_aee_pca_loadings.csv,2075,.csv
odense_osm_walking_accessibility_outputs_1/odense_aee_feature_space_outputs/odense_aee_pca_scatter.png,500378,.png
odense_osm_walking_accessibility_outputs_1/odense_aee_feature_space_outputs/odense_aee_umap_cluster_map.png,984074,.png
odense_osm_walking_accessibility_outputs_1/odense_aee_feature_space_outputs/odense_aee_umap_scatter.png,848443,.png
odense_osm_walking_accessibility_outputs_1/odense_aee_method_workflow_chart.pdf,42063,.pdf
odense_osm_walking_accessibility_outputs_1/odense_aee_method_workflow_chart.png,1050344,.png
odense_osm_walking_accessibility_outputs_1/odense_aee_method_workflow_chart.svg,208389,.svg
odense_osm_walking_accessibility_outputs_1/odense_aee_method_workflow_chart_as_implemented.png,1050344,.png
odense_osm_walking_accessibility_outputs_1/odense_aee_method_workflow_chart_lean.pdf,53757,.pdf
odense_osm_walking_accessibility_outputs_1/odense_aee_method_workflow_chart_lean.png,942989,.png
odense_osm_walking_accessibility_outputs_1/odense_aee_method_workflow_chart_lean.svg,196560,.svg
odense_osm_walking_accessibility_outputs_1/odense_aee_summary_statistics_outputs/odense_aee_class_distribution.csv,4571,.csv
odense_osm_walking_accessibility_outputs_1/odense_aee_summary_statistics_outputs/odense_aee_indicator_correlation_matrix.csv,1451,.csv
odense_osm_walking_accessibility_outputs_1/odense_aee_summary_statistics_outputs/odense_aee_indicator_summary.csv,5990,.csv
odense_osm_walking_accessibility_outputs_1/odense_aee_summary_statistics_outputs/odense_aee_summary_statistics.xlsx,13635,.xlsx
odense_osm_walking_accessibility_outputs_1/odense_aee_summary_statistics_outputs/odense_aee_summary_validation.txt,1326,.txt
odense_osm_walking_accessibility_outputs_1/odense_demographic_dasymetric_v2_outputs/ANALYSIS_REPORT_v2.txt,6764,.txt
odense_osm_walking_accessibility_outputs_1/odense_demographic_dasymetric_v2_outputs/EXECUTIVE_SUMMARY_v2.md,1309,.md
odense_osm_walking_accessibility_outputs_1/odense_demographic_dasymetric_v2_outputs/control_total_checks_v2.csv,479,.csv
odense_osm_walking_accessibility_outputs_1/odense_demographic_dasymetric_v2_outputs/control_totals_v2.json,583,.json
odense_osm_walking_accessibility_outputs_1/odense_demographic_dasymetric_v2_outputs/dst_class_agreement_preferred_v2.png,31444,.png
odense_osm_walking_accessibility_outputs_1/odense_demographic_dasymetric_v2_outputs/dst_class_validation_metrics_v2.csv,1199,.csv
odense_osm_walking_accessibility_outputs_1/odense_demographic_dasymetric_v2_outputs/dst_validation_with_M3c.csv,727,.csv
odense_osm_walking_accessibility_outputs_1/odense_demographic_dasymetric_v2_outputs/method_comparison_hex_maps_v2.png,569109,.png
odense_osm_walking_accessibility_outputs_1/odense_demographic_dasymetric_v2_outputs/method_notes_v2.json,532,.json
odense_osm_walking_accessibility_outputs_1/odense_demographic_dasymetric_v2_outputs/odense_hex500_demography_methods_v2.csv,728277,.csv
odense_osm_walking_accessibility_outputs_1/odense_demographic_dasymetric_v2_outputs/publications_used_v2.csv,1881,.csv
odense_osm_walking_accessibility_outputs_1/odense_demographic_dasymetric_v2_outputs/publications_used_v2.json,2355,.json
odense_osm_walking_accessibility_outputs_1/odense_demographic_dasymetric_v2_outputs/scatter_preferred_vs_dst_mid_v2.png,65671,.png
odense_osm_walking_accessibility_outputs_1/odense_demographic_indicator_outputs/demographic_indicator_validation.txt,1243,.txt
odense_osm_walking_accessibility_outputs_1/odense_demographic_indicator_outputs/demographic_vulnerability_class_summary.csv,286,.csv
odense_osm_walking_accessibility_outputs_1/odense_demographic_indicator_outputs/odense_age_vulnerability_500m_map.png,1594842,.png
odense_osm_walking_accessibility_outputs_1/odense_demographic_indicator_outputs/odense_demographic_indicators_500m.gpkg,1761280,.gpkg
odense_osm_walking_accessibility_outputs_1/odense_demographic_indicator_outputs/odense_demographic_indicators_500m_shp/odense_demographic_indicators_500m.cpg,5,.cpg
odense_osm_walking_accessibility_outputs_1/odense_demographic_indicator_outputs/odense_demographic_indicators_500m_shp/odense_demographic_indicators_500m.dbf,534387,.dbf
odense_osm_walking_accessibility_outputs_1/odense_demographic_indicator_outputs/odense_demographic_indicators_500m_shp/odense_demographic_indicators_500m.prj,403,.prj
odense_osm_walking_accessibility_outputs_1/odense_demographic_indicator_outputs/odense_demographic_indicators_500m_shp/odense_demographic_indicators_500m.shp,261684,.shp
odense_osm_walking_accessibility_outputs_1/odense_demographic_indicator_outputs/odense_demographic_indicators_500m_shp/odense_demographic_indicators_500m.shx,12412,.shx
odense_osm_walking_accessibility_outputs_1/odense_demographic_indicator_outputs/odense_demographic_vulnerability_index_500m_map.png,1596734,.png
odense_osm_walking_accessibility_outputs_1/odense_demographic_indicator_outputs/odense_demographic_vulnerability_index_500m_map_osm.png,6794502,.png
odense_osm_walking_accessibility_outputs_1/odense_demographic_indicator_outputs/odense_population_density_500m_map.png,1696381,.png
odense_osm_walking_accessibility_outputs_1/odense_demographic_indicator_outputs/odense_socioeconomic_vulnerability_500m_map.png,996549,.png
odense_osm_walking_accessibility_outputs_1/odense_demographic_indicator_outputs/population_density_class_summary.csv,300,.csv
odense_osm_walking_accessibility_outputs_1/odense_geoai_functional_urc_typology_outputs/Figure_S_AEE_feature_correlation_VIF.pdf,48891,.pdf
odense_osm_walking_accessibility_outputs_1/odense_geoai_functional_urc_typology_outputs/Figure_S_AEE_feature_correlation_VIF.png,613320,.png
odense_osm_walking_accessibility_outputs_1/odense_geoai_functional_urc_typology_outputs/Figure_S_AEE_feature_correlation_VIF.svg,163437,.svg
odense_osm_walking_accessibility_outputs_1/odense_geoai_functional_urc_typology_outputs/Figure_S_AEE_feature_correlation_VIF_caption.txt,703,.txt
odense_osm_walking_accessibility_outputs_1/odense_geoai_functional_urc_typology_outputs/Figure_S_AEE_feature_correlation_matrix.pdf,32409,.pdf
odense_osm_walking_accessibility_outputs_1/odense_geoai_functional_urc_typology_outputs/Figure_S_AEE_feature_correlation_matrix.png,506900,.png
odense_osm_walking_accessibility_outputs_1/odense_geoai_functional_urc_typology_outputs/odense_functional_urc_cluster_profiles.csv,2388,.csv
odense_osm_walking_accessibility_outputs_1/odense_geoai_functional_urc_typology_outputs/odense_functional_urc_clustering_features.csv,128,.csv
odense_osm_walking_accessibility_outputs_1/odense_geoai_functional_urc_typology_outputs/odense_functional_urc_feature_correlation.csv,1741,.csv
odense_osm_walking_accessibility_outputs_1/odense_geoai_functional_urc_typology_outputs/odense_functional_urc_feature_matrix.csv,163846,.csv
odense_osm_walking_accessibility_outputs_1/odense_geoai_functional_urc_typology_outputs/odense_functional_urc_feature_vif.csv,444,.csv
odense_osm_walking_accessibility_outputs_1/odense_geoai_functional_urc_typology_outputs/odense_functional_urc_gmm_bic_aic.png,84298,.png
odense_osm_walking_accessibility_outputs_1/odense_geoai_functional_urc_typology_outputs/odense_functional_urc_gmm_model_selection.csv,2021,.csv
odense_osm_walking_accessibility_outputs_1/odense_geoai_functional_urc_typology_outputs/odense_functional_urc_score_map.png,1731267,.png
odense_osm_walking_accessibility_outputs_1/odense_geoai_functional_urc_typology_outputs/odense_functional_urc_typology_map.png,1620716,.png
odense_osm_walking_accessibility_outputs_1/odense_geoai_functional_urc_typology_outputs/odense_functional_urc_typology_summary.csv,988,.csv
odense_osm_walking_accessibility_outputs_1/odense_geoai_functional_urc_typology_outputs/odense_functional_urc_validation.txt,2791,.txt
odense_osm_walking_accessibility_outputs_1/odense_geoai_functional_urc_typology_outputs/odense_geoai_functional_urc_typology_500m.gpkg,1118208,.gpkg
odense_osm_walking_accessibility_outputs_1/odense_geoai_functional_urc_typology_outputs/odense_geoai_functional_urc_typology_500m_shp/odense_functional_urc_typology_500m.cpg,5,.cpg
odense_osm_walking_accessibility_outputs_1/odense_geoai_functional_urc_typology_outputs/odense_geoai_functional_urc_typology_500m_shp/odense_functional_urc_typology_500m.dbf,575940,.dbf
odense_osm_walking_accessibility_outputs_1/odense_geoai_functional_urc_typology_outputs/odense_geoai_functional_urc_typology_500m_shp/odense_functional_urc_typology_500m.prj,403,.prj
odense_osm_walking_accessibility_outputs_1/odense_geoai_functional_urc_typology_outputs/odense_geoai_functional_urc_typology_500m_shp/odense_functional_urc_typology_500m.shp,261684,.shp
odense_osm_walking_accessibility_outputs_1/odense_geoai_functional_urc_typology_outputs/odense_geoai_functional_urc_typology_500m_shp/odense_functional_urc_typology_500m.shx,12412,.shx
odense_osm_walking_accessibility_outputs_1/odense_geoai_functional_urc_typology_outputs/odense_geoai_functional_urc_typology_map.png,1675366,.png
odense_osm_walking_accessibility_outputs_1/odense_multisource_environmental_index_outputs/multisource_environmental_index_validation.txt,935,.txt
odense_osm_walking_accessibility_outputs_1/odense_multisource_environmental_index_outputs/odense_builtup_share_500m_map.png,1695211,.png
odense_osm_walking_accessibility_outputs_1/odense_multisource_environmental_index_outputs/odense_environmental_burden_index_500m_map.png,1602181,.png
odense_osm_walking_accessibility_outputs_1/odense_multisource_environmental_index_outputs/odense_environmental_quality_index_500m_map.png,1648640,.png
odense_osm_walking_accessibility_outputs_1/odense_multisource_environmental_index_outputs/odense_environmental_quality_index_500m_map_osm.png,6779099,.png
odense_osm_walking_accessibility_outputs_1/odense_multisource_environmental_index_outputs/odense_green_share_env_500m_map.png,1660007,.png
odense_osm_walking_accessibility_outputs_1/odense_multisource_environmental_index_outputs/odense_multisource_environmental_index_500m.gpkg,6328320,.gpkg
odense_osm_walking_accessibility_outputs_1/odense_multisource_environmental_index_outputs/odense_road_buffer_share_500m_map.png,1520858,.png
odense_osm_walking_accessibility_outputs_1/odense_osm_cycling_accessibility_outputs/bikeability_index_validation.txt,2136,.txt
odense_osm_walking_accessibility_outputs_1/odense_osm_cycling_accessibility_outputs/odense_cycling_accessibility_services_500m.gpkg,1118208,.gpkg
odense_osm_walking_accessibility_outputs_1/odense_osm_cycling_accessibility_outputs/odense_cycling_accessibility_services_500m_map_15min.png,1586999,.png
odense_osm_walking_accessibility_outputs_1/odense_osm_cycling_accessibility_outputs/odense_cycling_accessibility_services_500m_map_15min_osm.png,6790500,.png
odense_osm_walking_accessibility_outputs_1/odense_osm_cycling_accessibility_outputs/odense_cycling_accessibility_services_500m_map_5min.png,1506813,.png
odense_osm_walking_accessibility_outputs_1/odense_osm_green_area_share_outputs/green_area_share_validation.txt,85,.txt
odense_osm_walking_accessibility_outputs_1/odense_osm_green_area_share_outputs/odense_green_area_share_500m.gpkg,2461696,.gpkg
odense_osm_walking_accessibility_outputs_1/odense_osm_green_area_share_outputs/odense_green_area_share_500m_map.png,1653845,.png
odense_osm_walking_accessibility_outputs_1/odense_osm_green_area_share_outputs/odense_green_area_share_500m_map_osm.png,6788352,.png
odense_osm_walking_accessibility_outputs_1/odense_osm_public_transport_accessibility_outputs/odense_public_transport_stop_accessibility_500m.gpkg,876544,.gpkg
odense_osm_walking_accessibility_outputs_1/odense_osm_public_transport_accessibility_outputs/odense_public_transport_stop_accessibility_500m_map_10min.png,1374986,.png
odense_osm_walking_accessibility_outputs_1/odense_osm_public_transport_accessibility_outputs/odense_public_transport_stop_accessibility_500m_map_20min.png,1503072,.png
odense_osm_walking_accessibility_outputs_1/odense_osm_public_transport_accessibility_outputs/odense_public_transport_stop_accessibility_500m_map_20min_osm.png,6758794,.png
odense_osm_walking_accessibility_outputs_1/odense_osm_public_transport_accessibility_outputs/public_transport_stop_accessibility_validation.txt,2508,.txt
odense_osm_walking_accessibility_outputs_1/odense_urc_benchmarking_uncertainty_outputs/odense_urc_benchmark_agreement_metrics.csv,802,.csv
odense_osm_walking_accessibility_outputs_1/odense_urc_benchmarking_uncertainty_outputs/odense_urc_benchmarking_uncertainty_500m.gpkg,1601536,.gpkg
odense_osm_walking_accessibility_outputs_1/odense_urc_benchmarking_uncertainty_outputs/odense_urc_benchmarking_uncertainty_tables.xlsx,20250,.xlsx
odense_osm_walking_accessibility_outputs_1/odense_urc_benchmarking_uncertainty_outputs/odense_urc_benchmarking_uncertainty_validation.txt,1511,.txt
odense_osm_walking_accessibility_outputs_1/odense_urc_benchmarking_uncertainty_outputs/odense_urc_boundary_heterogeneity_map.png,1665246,.png
odense_osm_walking_accessibility_outputs_1/odense_urc_benchmarking_uncertainty_outputs/odense_urc_density_benchmark_map.png,974756,.png
odense_osm_walking_accessibility_outputs_1/odense_urc_benchmarking_uncertainty_outputs/odense_urc_gmm_kmeans_agreement_map.png,1616472,.png
odense_osm_walking_accessibility_outputs_1/odense_urc_benchmarking_uncertainty_outputs/odense_urc_gmm_membership_uncertainty_map.png,1559785,.png
odense_osm_walking_accessibility_outputs_1/odense_urc_benchmarking_uncertainty_outputs/odense_urc_scenario_stability_map.png,1730735,.png
odense_osm_walking_accessibility_outputs_1/odense_urc_benchmarking_uncertainty_outputs/odense_urc_scenario_stability_summary.csv,5617,.csv
odense_osm_walking_accessibility_outputs_1/odense_urc_benchmarking_uncertainty_outputs/odense_urc_typology_profiles.csv,1862,.csv
odense_osm_walking_accessibility_outputs_1/odense_urc_mismatch_outputs/odense_aee_functional_urc_class_map.png,1678046,.png
odense_osm_walking_accessibility_outputs_1/odense_urc_mismatch_outputs/odense_conventional_urban_rural_classification_map.png,1739452,.png
odense_osm_walking_accessibility_outputs_1/odense_urc_mismatch_outputs/odense_urc_agreement_map.png,1624473,.png
odense_osm_walking_accessibility_outputs_1/odense_urc_mismatch_outputs/odense_urc_conventional_vs_aee_crosstab.csv,289,.csv
odense_osm_walking_accessibility_outputs_1/odense_urc_mismatch_outputs/odense_urc_conventional_vs_aee_mismatch_500m.gpkg,1789952,.gpkg
odense_osm_walking_accessibility_outputs_1/odense_urc_mismatch_outputs/odense_urc_conventional_vs_aee_mismatch_500m_shp/odense_urc_conventional_vs_aee_mismatch_500m.cpg,5,.cpg
odense_osm_walking_accessibility_outputs_1/odense_urc_mismatch_outputs/odense_urc_conventional_vs_aee_mismatch_500m_shp/odense_urc_conventional_vs_aee_mismatch_500m.dbf,672801,.dbf
odense_osm_walking_accessibility_outputs_1/odense_urc_mismatch_outputs/odense_urc_conventional_vs_aee_mismatch_500m_shp/odense_urc_conventional_vs_aee_mismatch_500m.prj,403,.prj
odense_osm_walking_accessibility_outputs_1/odense_urc_mismatch_outputs/odense_urc_conventional_vs_aee_mismatch_500m_shp/odense_urc_conventional_vs_aee_mismatch_500m.shp,261684,.shp
odense_osm_walking_accessibility_outputs_1/odense_urc_mismatch_outputs/odense_urc_conventional_vs_aee_mismatch_500m_shp/odense_urc_conventional_vs_aee_mismatch_500m.shx,12412,.shx
odense_osm_walking_accessibility_outputs_1/odense_urc_mismatch_outputs/odense_urc_conventional_vs_aee_mismatch_map.png,1779332,.png
odense_osm_walking_accessibility_outputs_1/odense_urc_mismatch_outputs/odense_urc_mismatch_intensity_map.png,1417779,.png
odense_osm_walking_accessibility_outputs_1/odense_urc_mismatch_outputs/odense_urc_mismatch_summary.csv,516,.csv
odense_osm_walking_accessibility_outputs_1/odense_urc_mismatch_outputs/odense_urc_mismatch_tables.xlsx,10090,.xlsx
odense_osm_walking_accessibility_outputs_1/odense_urc_mismatch_outputs/odense_urc_mismatch_validation.txt,1766,.txt
odense_osm_walking_accessibility_outputs_1/odense_walking_accessibility_services_500m.gpkg,913408,.gpkg
odense_osm_walking_accessibility_outputs_1/odense_walking_accessibility_services_500m_map.png,1500153,.png
odense_osm_walking_accessibility_outputs_1/odense_walking_accessibility_services_500m_map_osm.png,6751649,.png
odense_osm_walking_accessibility_outputs_1/pca_run_log.txt,1381,.txt
odense_osm_walking_accessibility_outputs_1/pipeline_totalpop_cartography_log.txt,26699,.txt
odense_osm_walking_accessibility_outputs_1/pipeline_totalpop_rerun_log.txt,19107,.txt
odense_osm_walking_accessibility_outputs_1/public_transport_stop_accessibility_index_odense.py,26154,.py
odense_osm_walking_accessibility_outputs_1/regenerate_all_manuscript_maps.py,17595,.py
odense_osm_walking_accessibility_outputs_1/regenerate_all_maps_styled.py,16713,.py
odense_osm_walking_accessibility_outputs_1/regenerate_standard_maps_v2.py,16254,.py
odense_osm_walking_accessibility_outputs_1/run_pipeline_v1.py,1502,.py
odense_osm_walking_accessibility_outputs_1/summary_run_log.txt,1345,.txt
odense_osm_walking_accessibility_outputs_1/typology_run_log.txt,1100,.txt
odense_osm_walking_accessibility_outputs_1/urc_benchmarking_uncertainty_odense.py,30504,.py
odense_osm_walking_accessibility_outputs_1/urc_conventional_vs_aee_mismatch_map_odense.py,28578,.py
odense_osm_walking_accessibility_outputs_1/walkability_index_revised.py,26131,.py
odense_osm_walking_accessibility_outputs_1/walkability_index_validation.txt,1164,.txt
requirements.txt,230,.txt
