id,row_index,col_index,pop_density_class_per_km2,Category,main_district,intersect_area_m2,cell_easting,cell_northing,kvadrat_id
284764.0,363.0,474.0,50-99,2-2,Odense West,9140,574000.0,6136000.0,1km_6136_574
284765.0,364.0,474.0,50-99,2-2,Odense West,31170,574000.0,6135000.0,1km_6135_574
285361.0,360.0,475.0,50-99,2-2,Odense West,74523,575000.0,6139000.0,1km_6139_575
285362.0,361.0,475.0,400 >,2-2,Odense West,162759,575000.0,6137999.999999999,1km_6137_575
285363.0,362.0,475.0,50-99,2-2,Odense West,441471,575000.0,6137000.0,1km_6137_575
285364.0,363.0,475.0,20-49,2-2,Odense West,938745,575000.0,6136000.0,1km_6136_575
285365.0,364.0,475.0,50-99,2-2,Odense West,82045,575000.0,6135000.0,1km_6135_575
285959.0,358.0,476.0,1-19,2-2,Odense West,162914,576000.0,6141000.0,1km_6141_576
285960.0,359.0,476.0,1-19,2-2,Odense West,760787,576000.0,6140000.0,1km_6140_576
285961.0,360.0,476.0,1-19,2-2,Odense West,971706,576000.0,6139000.0,1km_6139_576
285962.0,361.0,476.0,50-99,2-2,Odense West,1000657,576000.0,6137999.999999999,1km_6137_576
285963.0,362.0,476.0,50-99,2-2,Odense West,1000657,576000.0,6137000.0,1km_6137_576
285964.0,363.0,476.0,1-19,2-2,Odense West,862957,576000.0,6136000.0,1km_6136_576
285965.0,364.0,476.0,50-99,2-2,Odense West,7085,576000.0,6135000.0,1km_6135_576
286558.0,357.0,477.0,50-99,2-2,Odense West,472564,577000.0,6142000.000000001,1km_6142_577
286559.0,358.0,477.0,20-49,2-2,Odense West,872662,577000.0,6141000.0,1km_6141_577
286560.0,359.0,477.0,20-49,2-2,Odense West,1000653,577000.0,6140000.0,1km_6140_577
286561.0,360.0,477.0,50-99,2-2,Odense West,1000653,577000.0,6139000.0,1km_6139_577
286562.0,361.0,477.0,50-99,2-2,Odense West,1000653,577000.0,6137999.999999999,1km_6137_577
286563.0,362.0,477.0,50-99,2-2,Odense West,1000653,577000.0,6137000.0,1km_6137_577
286564.0,363.0,477.0,1-19,2-2,Odense West,1000484,577000.0,6136000.0,1km_6136_577
286565.0,364.0,477.0,50-99,2-2,Odense West,692784,577000.0,6135000.0,1km_6135_577
286566.0,365.0,477.0,50-99,2-2,Odense West,28416,577000.0,6134000.000000001,1km_6134_577
287156.0,355.0,478.0,50-99,2-2,Odense West,242508,578000.0,6144000.0,1km_6144_578
287157.0,356.0,478.0,100-149,2-2,Odense West,231349,578000.0,6143000.0,1km_6143_578
287158.0,357.0,478.0,50-99,2-2,Odense West,990099,578000.0,6142000.000000001,1km_6142_578
287159.0,358.0,478.0,50-99,2-2,Odense West,1000649,578000.0,6141000.0,1km_6141_578
287160.0,359.0,478.0,50-99,2-2,Odense West,1000649,578000.0,6140000.0,1km_6140_578
287161.0,360.0,478.0,50-99,2-2,Odense West,1000649,578000.0,6139000.0,1km_6139_578
287162.0,361.0,478.0,50-99,2-2,Odense West,1000649,578000.0,6137999.999999999,1km_6137_578
287163.0,362.0,478.0,20-49,2-2,Odense West,1000649,578000.0,6137000.0,1km_6137_578
287164.0,363.0,478.0,20-49,2-2,Odense West,1000649,578000.0,6136000.0,1km_6136_578
287165.0,364.0,478.0,20-49,2-2,Odense West,752348,578000.0,6135000.0,1km_6135_578
287166.0,365.0,478.0,50-99,2-2,Odense West,81964,578000.0,6134000.000000001,1km_6134_578
287754.0,353.0,479.0,20-49,2-2,Odense West,68567,579000.0,6145999.999999999,1km_6145_579
287755.0,354.0,479.0,1-19,2-2,Odense West,460377,579000.0,6145000.0,1km_6145_579
287756.0,355.0,479.0,1-19,2-2,Odense West,981935,579000.0,6144000.0,1km_6144_579
287757.0,356.0,479.0,150-399,2-2,Odense West,1000511,579000.0,6143000.0,1km_6143_579
287758.0,357.0,479.0,400 >,2-2,Odense West,1000645,579000.0,6142000.000000001,1km_6142_579
287759.0,358.0,479.0,50-99,2-2,Odense West,1000645,579000.0,6141000.0,1km_6141_579
287760.0,359.0,479.0,150-399,2-2,Odense West,1000645,579000.0,6140000.0,1km_6140_579
287761.0,360.0,479.0,150-399,2-2,Odense West,1000645,579000.0,6139000.0,1km_6139_579
287762.0,361.0,479.0,100-149,2-2,Odense West,1000645,579000.0,6137999.999999999,1km_6137_579
287763.0,362.0,479.0,20-49,2-2,Odense West,1000645,579000.0,6137000.0,1km_6137_579
287764.0,363.0,479.0,50-99,2-2,Odense West,1000645,579000.0,6136000.0,1km_6136_579
287765.0,364.0,479.0,20-49,2-2,Odense South,46315,579000.0,6135000.0,1km_6135_579
287765.0,364.0,479.0,20-49,2-2,Odense West,953366,579000.0,6135000.0,1km_6135_579
287766.0,365.0,479.0,50-99,2-2,Odense South,478841,579000.0,6134000.000000001,1km_6134_579
287766.0,365.0,479.0,50-99,2-2,Odense West,38443,579000.0,6134000.000000001,1km_6134_579
287767.0,366.0,479.0,50-99,2-2,Odense South,179698,579000.0,6133000.0,1km_6133_579
287768.0,367.0,479.0,100-149,2-2,Odense South,52006,579000.0,6132000.0,1km_6132_579
287769.0,368.0,479.0,400 >,2-2,Odense South,62218,579000.0,6131000.0,1km_6131_579
288354.0,353.0,480.0,50-99,2-2,Odense West,81720,580000.0,6145999.999999999,1km_6145_580
288355.0,354.0,480.0,50-99,2-2,Odense West,999740,580000.0,6145000.0,1km_6145_580
288356.0,355.0,480.0,20-49,2-2,Odense West,1000641,580000.0,6144000.0,1km_6144_580
288357.0,356.0,480.0,50-99,2-2,Odense West,1000641,580000.0,6143000.0,1km_6143_580
288358.0,357.0,480.0,400 >,2-2,Odense West,1000641,580000.0,6142000.000000001,1km_6142_580
288359.0,358.0,480.0,400 >,2-2,Odense West,1000641,580000.0,6141000.0,1km_6141_580
288360.0,359.0,480.0,400 >,2-2,Odense West,1000641,580000.0,6140000.0,1km_6140_580
288361.0,360.0,480.0,150-399,2-2,Odense West,1000641,580000.0,6139000.0,1km_6139_580
288362.0,361.0,480.0,150-399,2-2,Odense West,1000641,580000.0,6137999.999999999,1km_6137_580
288363.0,362.0,480.0,50-99,2-2,Odense West,1000641,580000.0,6137000.0,1km_6137_580
288364.0,363.0,480.0,50-99,2-2,Odense South,683,580000.0,6136000.0,1km_6136_580
288364.0,363.0,480.0,50-99,2-2,Odense West,999958,580000.0,6136000.0,1km_6136_580
288365.0,364.0,480.0,150-399,2-2,Odense South,679486,580000.0,6135000.0,1km_6135_580
288365.0,364.0,480.0,150-399,2-2,Odense West,321155,580000.0,6135000.0,1km_6135_580
288366.0,365.0,480.0,150-399,2-2,Odense South,1000641,580000.0,6134000.000000001,1km_6134_580
288367.0,366.0,480.0,50-99,2-2,Odense South,992210,580000.0,6133000.0,1km_6133_580
288368.0,367.0,480.0,20-49,2-2,Odense South,906698,580000.0,6132000.0,1km_6132_580
288369.0,368.0,480.0,50-99,2-2,Odense South,967523,580000.0,6131000.0,1km_6131_580
288370.0,369.0,480.0,50-99,2-2,Odense South,514198,580000.0,6129999.999999999,1km_6129_580
288953.0,352.0,481.0,20-49,2-2,Odense West,184718,581000.0,6147000.0,1km_6147_581
288954.0,353.0,481.0,50-99,2-2,Odense West,747125,581000.0,6145999.999999999,1km_6145_581
288955.0,354.0,481.0,50-99,2-2,Odense West,1000637,581000.0,6145000.0,1km_6145_581
288956.0,355.0,481.0,20-49,2-2,Odense West,1000637,581000.0,6144000.0,1km_6144_581
288957.0,356.0,481.0,50-99,2-2,Odense West,1000637,581000.0,6143000.0,1km_6143_581
288958.0,357.0,481.0,150-399,2-2,Odense West,1000637,581000.0,6142000.000000001,1km_6142_581
288959.0,358.0,481.0,50-99,2-2,Odense West,1000637,581000.0,6141000.0,1km_6141_581
288960.0,359.0,481.0,50-99,2-2,Odense West,1000637,581000.0,6140000.0,1km_6140_581
288961.0,360.0,481.0,50-99,2-2,Odense West,1000637,581000.0,6139000.0,1km_6139_581
288962.0,361.0,481.0,50-99,2-2,Odense West,1000637,581000.0,6137999.999999999,1km_6137_581
288963.0,362.0,481.0,50-99,2-2,Odense West,1000637,581000.0,6137000.0,1km_6137_581
288964.0,363.0,481.0,50-99,2-2,Odense South,302779,581000.0,6136000.0,1km_6136_581
288964.0,363.0,481.0,50-99,2-2,Odense West,697858,581000.0,6136000.0,1km_6136_581
288965.0,364.0,481.0,50-99,2-2,Odense South,1000637,581000.0,6135000.0,1km_6135_581
288966.0,365.0,481.0,20-49,2-2,Odense South,1000637,581000.0,6134000.000000001,1km_6134_581
288967.0,366.0,481.0,50-99,2-2,Odense South,1000637,581000.0,6133000.0,1km_6133_581
288968.0,367.0,481.0,50-99,2-2,Odense South,1000637,581000.0,6132000.0,1km_6132_581
288969.0,368.0,481.0,50-99,2-2,Odense South,1000637,581000.0,6131000.0,1km_6131_581
288970.0,369.0,481.0,50-99,2-2,Odense South,618836,581000.0,6129999.999999999,1km_6129_581
288971.0,370.0,481.0,20-49,2-2,Odense South,262546,581000.0,6129000.0,1km_6129_581
288972.0,371.0,481.0,20-49,2-2,Odense South,558582,581000.0,6128000.0,1km_6128_581
288973.0,372.0,481.0,50-99,2-2,Odense South,54683,581000.0,6127000.0,1km_6127_581
289552.0,351.0,482.0,20-49,2-2,Odense West,496391,582000.0,6148000.0,1km_6148_582
289553.0,352.0,482.0,20-49,2-2,Odense West,896235,582000.0,6147000.0,1km_6147_582
289554.0,353.0,482.0,50-99,2-2,Odense West,1000633,582000.0,6145999.999999999,1km_6145_582
289555.0,354.0,482.0,50-99,2-2,Odense West,1000633,582000.0,6145000.0,1km_6145_582
289556.0,355.0,482.0,400 >,2-2,Odense West,1000633,582000.0,6144000.0,1km_6144_582
289557.0,356.0,482.0,50-99,2-2,Odense West,1000633,582000.0,6143000.0,1km_6143_582
289558.0,357.0,482.0,150-399,2-2,Odense West,1000633,582000.0,6142000.000000001,1km_6142_582
289559.0,358.0,482.0,400 >,2-2,Odense West,1000633,582000.0,6141000.0,1km_6141_582
289560.0,359.0,482.0,50-99,2-2,Odense West,1000633,582000.0,6140000.0,1km_6140_582
289561.0,360.0,482.0,150-399,2-2,Odense West,1000633,582000.0,6139000.0,1km_6139_582
289562.0,361.0,482.0,20-49,2-2,Odense West,1000633,582000.0,6137999.999999999,1km_6137_582
289563.0,362.0,482.0,20-49,2-2,Odense South,195010,582000.0,6137000.0,1km_6137_582
289563.0,362.0,482.0,20-49,2-2,Odense West,805623,582000.0,6137000.0,1km_6137_582
289564.0,363.0,482.0,50-99,2-2,Odense South,929233,582000.0,6136000.0,1km_6136_582
289564.0,363.0,482.0,50-99,2-2,Odense West,71401,582000.0,6136000.0,1km_6136_582
289565.0,364.0,482.0,50-99,2-2,Odense South,1000633,582000.0,6135000.0,1km_6135_582
289566.0,365.0,482.0,50-99,2-2,Odense South,1000633,582000.0,6134000.000000001,1km_6134_582
289567.0,366.0,482.0,400 >,2-2,Odense South,1000633,582000.0,6133000.0,1km_6133_582
289568.0,367.0,482.0,150-399,2-2,Odense South,1000633,582000.0,6132000.0,1km_6132_582
289569.0,368.0,482.0,20-49,2-2,Odense South,1000633,582000.0,6131000.0,1km_6131_582
289570.0,369.0,482.0,20-49,2-2,Odense South,963041,582000.0,6129999.999999999,1km_6129_582
289571.0,370.0,482.0,50-99,2-2,Odense South,1000633,582000.0,6129000.0,1km_6129_582
289572.0,371.0,482.0,50-99,2-2,Odense South,1000633,582000.0,6128000.0,1km_6128_582
289573.0,372.0,482.0,20-49,2-2,Odense South,266396,582000.0,6127000.0,1km_6127_582
290152.0,351.0,483.0,1-19,3-3,Odense West,7867,583000.0,6148000.0,1km_6148_583
290153.0,352.0,483.0,,3-3,Odense West,660280,583000.0,6147000.0,1km_6147_583
290154.0,353.0,483.0,100-149,3-3,Odense West,1000629,583000.0,6145999.999999999,1km_6145_583
290155.0,354.0,483.0,100-149,3-3,Odense West,1000629,583000.0,6145000.0,1km_6145_583
290156.0,355.0,483.0,400 >,3-3,Odense West,1000629,583000.0,6144000.0,1km_6144_583
290157.0,356.0,483.0,150-399,3-3,Odense West,1000629,583000.0,6143000.0,1km_6143_583
290158.0,357.0,483.0,400 >,3-3,Odense West,1000629,583000.0,6142000.000000001,1km_6142_583
290159.0,358.0,483.0,400 >,3-3,Odense West,1000629,583000.0,6141000.0,1km_6141_583
290160.0,359.0,483.0,50-99,3-3,Odense West,1000629,583000.0,6140000.0,1km_6140_583
290161.0,360.0,483.0,50-99,3-3,Odense West,1000629,583000.0,6139000.0,1km_6139_583
290162.0,361.0,483.0,50-99,3-3,Odense West,1000629,583000.0,6137999.999999999,1km_6137_583
290163.0,362.0,483.0,20-49,3-3,Odense South,633869,583000.0,6137000.0,1km_6137_583
290163.0,362.0,483.0,20-49,3-3,Odense West,366761,583000.0,6137000.0,1km_6137_583
290164.0,363.0,483.0,150-399,3-3,Odense South,1000629,583000.0,6136000.0,1km_6136_583
290165.0,364.0,483.0,100-149,3-3,Odense South,1000629,583000.0,6135000.0,1km_6135_583
290166.0,365.0,483.0,1-19,3-3,Odense South,1000629,583000.0,6134000.000000001,1km_6134_583
290167.0,366.0,483.0,400 >,3-3,Odense South,1000629,583000.0,6133000.0,1km_6133_583
290168.0,367.0,483.0,400 >,3-3,Odense South,1000629,583000.0,6132000.0,1km_6132_583
290169.0,368.0,483.0,50-99,3-3,Odense South,1000629,583000.0,6131000.0,1km_6131_583
290170.0,369.0,483.0,400 >,3-3,Odense South,1000629,583000.0,6129999.999999999,1km_6129_583
290171.0,370.0,483.0,50-99,3-3,Odense South,1000629,583000.0,6129000.0,1km_6129_583
290172.0,371.0,483.0,50-99,3-3,Odense South,920607,583000.0,6128000.0,1km_6128_583
290173.0,372.0,483.0,50-99,3-3,Odense South,17650,583000.0,6127000.0,1km_6127_583
290752.0,351.0,484.0,1-19,3-3,Odense West,39094,584000.0,6148000.0,1km_6148_584
290753.0,352.0,484.0,50-99,3-3,Odense West,564585,584000.0,6147000.0,1km_6147_584
290754.0,353.0,484.0,20-49,3-3,Odense West,1000625,584000.0,6145999.999999999,1km_6145_584
290755.0,354.0,484.0,50-99,3-3,Odense West,1000625,584000.0,6145000.0,1km_6145_584
290756.0,355.0,484.0,400 >,3-3,Odense West,1000625,584000.0,6144000.0,1km_6144_584
290757.0,356.0,484.0,400 >,3-3,Odense West,1000625,584000.0,6143000.0,1km_6143_584
290758.0,357.0,484.0,400 >,3-3,Odense West,1000625,584000.0,6142000.000000001,1km_6142_584
290759.0,358.0,484.0,400 >,3-3,Odense West,1000625,584000.0,6141000.0,1km_6141_584
290760.0,359.0,484.0,400 >,3-3,Odense West,1000625,584000.0,6140000.0,1km_6140_584
290761.0,360.0,484.0,400 >,3-3,Odense West,1000625,584000.0,6139000.0,1km_6139_584
290762.0,361.0,484.0,150-399,3-3,Odense South,205930,584000.0,6137999.999999999,1km_6137_584
290762.0,361.0,484.0,150-399,3-3,Odense West,794695,584000.0,6137999.999999999,1km_6137_584
290763.0,362.0,484.0,150-399,3-3,Odense South,989967,584000.0,6137000.0,1km_6137_584
290763.0,362.0,484.0,150-399,3-3,Odense West,10658,584000.0,6137000.0,1km_6137_584
290764.0,363.0,484.0,400 >,3-3,Odense South,1000625,584000.0,6136000.0,1km_6136_584
290765.0,364.0,484.0,50-99,3-3,Odense South,1000625,584000.0,6135000.0,1km_6135_584
290766.0,365.0,484.0,400 >,3-3,Odense South,1000625,584000.0,6134000.000000001,1km_6134_584
290767.0,366.0,484.0,400 >,3-3,Odense South,1000625,584000.0,6133000.0,1km_6133_584
290768.0,367.0,484.0,400 >,3-3,Odense South,1000625,584000.0,6132000.0,1km_6132_584
290769.0,368.0,484.0,50-99,3-3,Odense South,1000625,584000.0,6131000.0,1km_6131_584
290770.0,369.0,484.0,20-49,3-3,Odense South,975580,584000.0,6129999.999999999,1km_6129_584
290771.0,370.0,484.0,50-99,3-3,Odense South,858218,584000.0,6129000.0,1km_6129_584
290772.0,371.0,484.0,50-99,3-3,Odense South,869804,584000.0,6128000.0,1km_6128_584
291351.0,350.0,485.0,20-49,3-3,Odense West,13231,585000.0,6149000.0,1km_6149_585
291352.0,351.0,485.0,50-99,3-3,Odense West,654759,585000.0,6148000.0,1km_6148_585
291353.0,352.0,485.0,50-99,3-3,Odense West,1000621,585000.0,6147000.0,1km_6147_585
291354.0,353.0,485.0,50-99,3-3,Odense West,1000621,585000.0,6145999.999999999,1km_6145_585
291355.0,354.0,485.0,50-99,3-3,Odense West,1000621,585000.0,6145000.0,1km_6145_585
291356.0,355.0,485.0,150-399,3-3,Odense West,1000621,585000.0,6144000.0,1km_6144_585
291357.0,356.0,485.0,400 >,3-3,Odense West,1000621,585000.0,6143000.0,1km_6143_585
291358.0,357.0,485.0,400 >,3-3,Odense West,1000621,585000.0,6142000.000000001,1km_6142_585
291359.0,358.0,485.0,400 >,3-3,Odense West,1000621,585000.0,6141000.0,1km_6141_585
291360.0,359.0,485.0,400 >,3-3,Odense West,1000621,585000.0,6140000.0,1km_6140_585
291361.0,360.0,485.0,400 >,3-3,Odense South,29963,585000.0,6139000.0,1km_6139_585
291361.0,360.0,485.0,400 >,3-3,Odense West,970658,585000.0,6139000.0,1km_6139_585
291362.0,361.0,485.0,400 >,3-3,Odense South,823249,585000.0,6137999.999999999,1km_6137_585
291362.0,361.0,485.0,400 >,3-3,Odense West,177372,585000.0,6137999.999999999,1km_6137_585
291363.0,362.0,485.0,400 >,3-3,Odense South,1000621,585000.0,6137000.0,1km_6137_585
291364.0,363.0,485.0,400 >,3-3,Odense South,1000621,585000.0,6136000.0,1km_6136_585
291365.0,364.0,485.0,400 >,3-3,Odense South,1000621,585000.0,6135000.0,1km_6135_585
291366.0,365.0,485.0,400 >,3-3,Odense South,1000621,585000.0,6134000.000000001,1km_6134_585
291367.0,366.0,485.0,400 >,3-3,Odense South,1000621,585000.0,6133000.0,1km_6133_585
291368.0,367.0,485.0,400 >,3-3,Odense South,1000621,585000.0,6132000.0,1km_6132_585
291369.0,368.0,485.0,50-99,3-3,Odense South,875664,585000.0,6131000.0,1km_6131_585
291370.0,369.0,485.0,50-99,3-3,Odense South,165666,585000.0,6129999.999999999,1km_6129_585
291371.0,370.0,485.0,20-49,3-3,Odense South,33110,585000.0,6129000.0,1km_6129_585
291372.0,371.0,485.0,1-19,3-3,Odense South,499019,585000.0,6128000.0,1km_6128_585
291951.0,350.0,486.0,1-19,3-3,Odense West,126458,586000.0,6149000.0,1km_6149_586
291952.0,351.0,486.0,50-99,3-3,Odense West,733696,586000.0,6148000.0,1km_6148_586
291953.0,352.0,486.0,100-149,3-3,Odense West,1000617,586000.0,6147000.0,1km_6147_586
291954.0,353.0,486.0,150-399,3-3,Odense West,1000617,586000.0,6145999.999999999,1km_6145_586
291955.0,354.0,486.0,50-99,3-3,Odense West,1000617,586000.0,6145000.0,1km_6145_586
291956.0,355.0,486.0,400 >,3-3,Odense West,1000617,586000.0,6144000.0,1km_6144_586
291957.0,356.0,486.0,400 >,3-3,Odense West,1000617,586000.0,6143000.0,1km_6143_586
291958.0,357.0,486.0,400 >,3-3,Odense West,1000617,586000.0,6142000.000000001,1km_6142_586
291959.0,358.0,486.0,400 >,3-3,Odense West,1000617,586000.0,6141000.0,1km_6141_586
291960.0,359.0,486.0,400 >,3-3,Odense West,1000617,586000.0,6140000.0,1km_6140_586
291961.0,360.0,486.0,400 >,3-3,Odense South,503254,586000.0,6139000.0,1km_6139_586
291961.0,360.0,486.0,400 >,3-3,Odense West,497363,586000.0,6139000.0,1km_6139_586
291962.0,361.0,486.0,400 >,3-3,Odense South,1000617,586000.0,6137999.999999999,1km_6137_586
291963.0,362.0,486.0,400 >,3-3,Odense South,1000617,586000.0,6137000.0,1km_6137_586
291964.0,363.0,486.0,400 >,3-3,Odense South,1000617,586000.0,6136000.0,1km_6136_586
291965.0,364.0,486.0,400 >,3-3,Odense South,1000617,586000.0,6135000.0,1km_6135_586
291966.0,365.0,486.0,400 >,3-3,Odense South,1000617,586000.0,6134000.000000001,1km_6134_586
291967.0,366.0,486.0,400 >,3-3,Odense South,1000617,586000.0,6133000.0,1km_6133_586
291968.0,367.0,486.0,50-99,3-3,Odense South,1000617,586000.0,6132000.0,1km_6132_586
291969.0,368.0,486.0,1-19,3-3,Odense South,400179,586000.0,6131000.0,1km_6131_586
292552.0,351.0,487.0,50-99,3-3,Odense West,634601,587000.0,6148000.0,1km_6148_587
292553.0,352.0,487.0,50-99,3-3,Odense West,1000612,587000.0,6147000.0,1km_6147_587
292554.0,353.0,487.0,400 >,3-3,Odense West,1000612,587000.0,6145999.999999999,1km_6145_587
292555.0,354.0,487.0,50-99,3-3,Odense West,1000612,587000.0,6145000.0,1km_6145_587
292556.0,355.0,487.0,400 >,3-3,Odense West,1000612,587000.0,6144000.0,1km_6144_587
292557.0,356.0,487.0,150-399,3-3,Odense East,70329,587000.0,6143000.0,1km_6143_587
292557.0,356.0,487.0,150-399,3-3,Odense West,891570,587000.0,6143000.0,1km_6143_587
292558.0,357.0,487.0,400 >,3-3,Odense East,612041,587000.0,6142000.000000001,1km_6142_587
292558.0,357.0,487.0,400 >,3-3,Odense West,309102,587000.0,6142000.000000001,1km_6142_587
292559.0,358.0,487.0,400 >,3-3,Odense East,590465,587000.0,6141000.0,1km_6141_587
292559.0,358.0,487.0,400 >,3-3,Odense West,243523,587000.0,6141000.0,1km_6141_587
292560.0,359.0,487.0,400 >,3-3,Odense East,126214,587000.0,6140000.0,1km_6140_587
292560.0,359.0,487.0,400 >,3-3,Odense West,864167,587000.0,6140000.0,1km_6140_587
292561.0,360.0,487.0,400 >,3-3,Odense South,584568,587000.0,6139000.0,1km_6139_587
292561.0,360.0,487.0,400 >,3-3,Odense East,443,587000.0,6139000.0,1km_6139_587
292561.0,360.0,487.0,400 >,3-3,Odense West,415602,587000.0,6139000.0,1km_6139_587
292562.0,361.0,487.0,400 >,3-3,Odense South,1000612,587000.0,6137999.999999999,1km_6137_587
292563.0,362.0,487.0,400 >,3-3,Odense South,1000612,587000.0,6137000.0,1km_6137_587
292564.0,363.0,487.0,400 >,3-3,Odense South,1000612,587000.0,6136000.0,1km_6136_587
292565.0,364.0,487.0,400 >,3-3,Odense South,1000612,587000.0,6135000.0,1km_6135_587
292566.0,365.0,487.0,400 >,3-3,Odense South,1000612,587000.0,6134000.000000001,1km_6134_587
292567.0,366.0,487.0,20-49,3-3,Odense South,1000612,587000.0,6133000.0,1km_6133_587
292568.0,367.0,487.0,50-99,3-3,Odense South,996032,587000.0,6132000.0,1km_6132_587
292569.0,368.0,487.0,20-49,3-3,Odense South,89131,587000.0,6131000.0,1km_6131_587
293152.0,351.0,488.0,,3-3,Odense West,71009,588000.0,6148000.0,1km_6148_588
293153.0,352.0,488.0,50-99,3-3,Odense West,688004,588000.0,6147000.0,1km_6147_588
293154.0,353.0,488.0,1-19,3-3,Odense West,1000608,588000.0,6145999.999999999,1km_6145_588
293155.0,354.0,488.0,150-399,3-3,Odense West,1000608,588000.0,6145000.0,1km_6145_588
293156.0,355.0,488.0,400 >,3-3,Odense West,1000608,588000.0,6144000.0,1km_6144_588
293157.0,356.0,488.0,100-149,3-3,Odense East,374960,588000.0,6143000.0,1km_6143_588
293157.0,356.0,488.0,100-149,3-3,Odense West,511398,588000.0,6143000.0,1km_6143_588
293158.0,357.0,488.0,400 >,3-3,Odense East,1000608,588000.0,6142000.000000001,1km_6142_588
293159.0,358.0,488.0,400 >,3-3,Odense East,1000608,588000.0,6141000.0,1km_6141_588
293160.0,359.0,488.0,400 >,3-3,Odense East,974248,588000.0,6140000.0,1km_6140_588
293160.0,359.0,488.0,400 >,3-3,Odense West,26360,588000.0,6140000.0,1km_6140_588
293161.0,360.0,488.0,400 >,3-3,Odense South,290269,588000.0,6139000.0,1km_6139_588
293161.0,360.0,488.0,400 >,3-3,Odense East,707899,588000.0,6139000.0,1km_6139_588
293161.0,360.0,488.0,400 >,3-3,Odense West,2441,588000.0,6139000.0,1km_6139_588
293162.0,361.0,488.0,400 >,3-3,Odense South,544128,588000.0,6137999.999999999,1km_6137_588
293162.0,361.0,488.0,400 >,3-3,Odense East,456480,588000.0,6137999.999999999,1km_6137_588
293163.0,362.0,488.0,400 >,3-3,Odense South,1000608,588000.0,6137000.0,1km_6137_588
293164.0,363.0,488.0,400 >,3-3,Odense South,1000608,588000.0,6136000.0,1km_6136_588
293165.0,364.0,488.0,400 >,3-3,Odense South,1000608,588000.0,6135000.0,1km_6135_588
293166.0,365.0,488.0,150-399,3-3,Odense South,1000608,588000.0,6134000.000000001,1km_6134_588
293167.0,366.0,488.0,20-49,3-3,Odense South,1000608,588000.0,6133000.0,1km_6133_588
293168.0,367.0,488.0,50-99,3-3,Odense South,661802,588000.0,6132000.0,1km_6132_588
293753.0,352.0,489.0,20-49,3-3,Odense West,695648,589000.0,6147000.0,1km_6147_589
293754.0,353.0,489.0,1-19,3-3,Odense West,1000604,589000.0,6145999.999999999,1km_6145_589
293755.0,354.0,489.0,20-49,3-3,Odense East,1331,589000.0,6145000.0,1km_6145_589
293755.0,354.0,489.0,20-49,3-3,Odense West,981643,589000.0,6145000.0,1km_6145_589
293756.0,355.0,489.0,400 >,3-3,Odense East,60916,589000.0,6144000.0,1km_6144_589
293756.0,355.0,489.0,400 >,3-3,Odense West,855298,589000.0,6144000.0,1km_6144_589
293757.0,356.0,489.0,150-399,3-3,Odense East,813589,589000.0,6143000.0,1km_6143_589
293757.0,356.0,489.0,150-399,3-3,Odense West,130392,589000.0,6143000.0,1km_6143_589
293758.0,357.0,489.0,400 >,3-3,Odense East,1000604,589000.0,6142000.000000001,1km_6142_589
293759.0,358.0,489.0,400 >,3-3,Odense East,1000604,589000.0,6141000.0,1km_6141_589
293760.0,359.0,489.0,400 >,3-3,Odense East,1000604,589000.0,6140000.0,1km_6140_589
293761.0,360.0,489.0,400 >,3-3,Odense East,1000604,589000.0,6139000.0,1km_6139_589
293762.0,361.0,489.0,400 >,3-3,Odense South,263671,589000.0,6137999.999999999,1km_6137_589
293762.0,361.0,489.0,400 >,3-3,Odense East,736933,589000.0,6137999.999999999,1km_6137_589
293763.0,362.0,489.0,400 >,3-3,Odense South,1000604,589000.0,6137000.0,1km_6137_589
293764.0,363.0,489.0,400 >,3-3,Odense South,1000604,589000.0,6136000.0,1km_6136_589
293765.0,364.0,489.0,150-399,3-3,Odense South,1000604,589000.0,6135000.0,1km_6135_589
293766.0,365.0,489.0,50-99,3-3,Odense South,1000604,589000.0,6134000.000000001,1km_6134_589
293767.0,366.0,489.0,50-99,3-3,Odense South,1000604,589000.0,6133000.0,1km_6133_589
293768.0,367.0,489.0,,3-3,Odense South,591052,589000.0,6132000.0,1km_6132_589
293769.0,368.0,489.0,20-49,3-3,Odense South,77667,589000.0,6131000.0,1km_6131_589
294352.0,351.0,490.0,1-19,3-3,Odense West,15039,590000.0,6148000.0,1km_6148_590
294353.0,352.0,490.0,1-19,3-3,Odense East,83824,590000.0,6147000.0,1km_6147_590
294353.0,352.0,490.0,1-19,3-3,Odense West,517397,590000.0,6147000.0,1km_6147_590
294354.0,353.0,490.0,,3-3,Odense East,291932,590000.0,6145999.999999999,1km_6145_590
294354.0,353.0,490.0,,3-3,Odense West,329535,590000.0,6145999.999999999,1km_6145_590
294355.0,354.0,490.0,,3-3,Odense East,502997,590000.0,6145000.0,1km_6145_590
294355.0,354.0,490.0,,3-3,Odense West,57336,590000.0,6145000.0,1km_6145_590
294356.0,355.0,490.0,1-19,3-3,Odense East,618555,590000.0,6144000.0,1km_6144_590
294357.0,356.0,490.0,150-399,3-3,Odense East,1000599,590000.0,6143000.0,1km_6143_590
294358.0,357.0,490.0,400 >,3-3,Odense East,1000599,590000.0,6142000.000000001,1km_6142_590
294359.0,358.0,490.0,400 >,3-3,Odense East,1000599,590000.0,6141000.0,1km_6141_590
294360.0,359.0,490.0,400 >,3-3,Odense East,1000599,590000.0,6140000.0,1km_6140_590
294361.0,360.0,490.0,400 >,3-3,Odense East,1000599,590000.0,6139000.0,1km_6139_590
294362.0,361.0,490.0,400 >,3-3,Odense South,427123,590000.0,6137999.999999999,1km_6137_590
294362.0,361.0,490.0,400 >,3-3,Odense East,573476,590000.0,6137999.999999999,1km_6137_590
294363.0,362.0,490.0,400 >,3-3,Odense South,972658,590000.0,6137000.0,1km_6137_590
294363.0,362.0,490.0,400 >,3-3,Odense East,27941,590000.0,6137000.0,1km_6137_590
294364.0,363.0,490.0,,3-3,Odense South,1000599,590000.0,6136000.0,1km_6136_590
294365.0,364.0,490.0,1-19,3-3,Odense South,1000599,590000.0,6135000.0,1km_6135_590
294366.0,365.0,490.0,150-399,3-3,Odense South,1000599,590000.0,6134000.000000001,1km_6134_590
294367.0,366.0,490.0,400 >,3-3,Odense South,1000599,590000.0,6133000.0,1km_6133_590
294368.0,367.0,490.0,400 >,3-3,Odense South,1000599,590000.0,6132000.0,1km_6132_590
294369.0,368.0,490.0,150-399,3-3,Odense South,926980,590000.0,6131000.0,1km_6131_590
294370.0,369.0,490.0,20-49,3-3,Odense South,623586,590000.0,6129999.999999999,1km_6129_590
294953.0,352.0,491.0,,4-4,Odense East,14564,591000.0,6147000.0,1km_6147_591
294954.0,353.0,491.0,,4-4,Odense East,116,591000.0,6145999.999999999,1km_6145_591
294955.0,354.0,491.0,,4-4,Odense East,1948,591000.0,6145000.0,1km_6145_591
294956.0,355.0,491.0,150-399,4-4,Odense East,627025,591000.0,6144000.0,1km_6144_591
294957.0,356.0,491.0,400 >,4-4,Odense East,1000595,591000.0,6143000.0,1km_6143_591
294958.0,357.0,491.0,400 >,4-4,Odense East,1000595,591000.0,6142000.000000001,1km_6142_591
294959.0,358.0,491.0,400 >,4-4,Odense East,1000595,591000.0,6141000.0,1km_6141_591
294960.0,359.0,491.0,400 >,4-4,Odense East,1000595,591000.0,6140000.0,1km_6140_591
294961.0,360.0,491.0,100-149,4-4,Odense East,1000595,591000.0,6139000.0,1km_6139_591
294962.0,361.0,491.0,400 >,4-4,Odense East,1000595,591000.0,6137999.999999999,1km_6137_591
294963.0,362.0,491.0,400 >,4-4,Odense South,232884,591000.0,6137000.0,1km_6137_591
294963.0,362.0,491.0,400 >,4-4,Odense East,767711,591000.0,6137000.0,1km_6137_591
294964.0,363.0,491.0,400 >,4-4,Odense South,970905,591000.0,6136000.0,1km_6136_591
294964.0,363.0,491.0,400 >,4-4,Odense East,29691,591000.0,6136000.0,1km_6136_591
294965.0,364.0,491.0,400 >,4-4,Odense South,1000595,591000.0,6135000.0,1km_6135_591
294966.0,365.0,491.0,50-99,4-4,Odense South,1000595,591000.0,6134000.000000001,1km_6134_591
294967.0,366.0,491.0,400 >,4-4,Odense South,1000595,591000.0,6133000.0,1km_6133_591
294968.0,367.0,491.0,400 >,4-4,Odense South,1000595,591000.0,6132000.0,1km_6132_591
294969.0,368.0,491.0,100-149,4-4,Odense South,1000595,591000.0,6131000.0,1km_6131_591
294970.0,369.0,491.0,1-19,4-4,Odense South,851611,591000.0,6129999.999999999,1km_6129_591
295555.0,354.0,492.0,,4-4,Odense East,54403,592000.0,6145000.0,1km_6145_592
295556.0,355.0,492.0,20-49,4-4,Odense East,870421,592000.0,6144000.0,1km_6144_592
295557.0,356.0,492.0,400 >,4-4,Odense East,1000590,592000.0,6143000.0,1km_6143_592
295558.0,357.0,492.0,400 >,4-4,Odense East,1000590,592000.0,6142000.000000001,1km_6142_592
295559.0,358.0,492.0,150-399,4-4,Odense East,1000590,592000.0,6141000.0,1km_6141_592
295560.0,359.0,492.0,400 >,4-4,Odense East,1000590,592000.0,6140000.0,1km_6140_592
295561.0,360.0,492.0,100-149,4-4,Odense East,1000590,592000.0,6139000.0,1km_6139_592
295562.0,361.0,492.0,400 >,4-4,Odense East,1000590,592000.0,6137999.999999999,1km_6137_592
295563.0,362.0,492.0,400 >,4-4,Odense East,1000590,592000.0,6137000.0,1km_6137_592
295564.0,363.0,492.0,400 >,4-4,Odense South,312544,592000.0,6136000.0,1km_6136_592
295564.0,363.0,492.0,400 >,4-4,Odense East,688046,592000.0,6136000.0,1km_6136_592
295565.0,364.0,492.0,400 >,4-4,Odense South,991419,592000.0,6135000.0,1km_6135_592
295565.0,364.0,492.0,400 >,4-4,Odense East,9171,592000.0,6135000.0,1km_6135_592
295566.0,365.0,492.0,1-19,4-4,Odense South,1000590,592000.0,6134000.000000001,1km_6134_592
295567.0,366.0,492.0,20-49,4-4,Odense South,1000590,592000.0,6133000.0,1km_6133_592
295568.0,367.0,492.0,50-99,4-4,Odense South,1000590,592000.0,6132000.0,1km_6132_592
295569.0,368.0,492.0,50-99,4-4,Odense South,957693,592000.0,6131000.0,1km_6131_592
295570.0,369.0,492.0,20-49,4-4,Odense South,505208,592000.0,6129999.999999999,1km_6129_592
296155.0,354.0,493.0,,4-4,Odense East,104087,593000.0,6145000.0,1km_6145_593
296156.0,355.0,493.0,50-99,4-4,Odense East,831561,593000.0,6144000.0,1km_6144_593
296157.0,356.0,493.0,400 >,4-4,Odense East,1000586,593000.0,6143000.0,1km_6143_593
296158.0,357.0,493.0,150-399,4-4,Odense East,865709,593000.0,6142000.000000001,1km_6142_593
296159.0,358.0,493.0,,4-4,Odense East,997066,593000.0,6141000.0,1km_6141_593
296160.0,359.0,493.0,50-99,4-4,Odense East,1000586,593000.0,6140000.0,1km_6140_593
296161.0,360.0,493.0,50-99,4-4,Odense East,1000586,593000.0,6139000.0,1km_6139_593
296162.0,361.0,493.0,20-49,4-4,Odense East,1000586,593000.0,6137999.999999999,1km_6137_593
296163.0,362.0,493.0,400 >,4-4,Odense East,1000586,593000.0,6137000.0,1km_6137_593
296164.0,363.0,493.0,400 >,4-4,Odense East,1000586,593000.0,6136000.0,1km_6136_593
296165.0,364.0,493.0,400 >,4-4,Odense South,538934,593000.0,6135000.0,1km_6135_593
296165.0,364.0,493.0,400 >,4-4,Odense East,461652,593000.0,6135000.0,1km_6135_593
296166.0,365.0,493.0,1-19,4-4,Odense South,1000586,593000.0,6134000.000000001,1km_6134_593
296167.0,366.0,493.0,100-149,4-4,Odense South,1000586,593000.0,6133000.0,1km_6133_593
296168.0,367.0,493.0,1-19,4-4,Odense South,1000586,593000.0,6132000.0,1km_6132_593
296169.0,368.0,493.0,20-49,4-4,Odense South,609586,593000.0,6131000.0,1km_6131_593
296754.0,353.0,494.0,20-49,4-4,Odense East,16111,594000.0,6145999.999999999,1km_6145_594
296755.0,354.0,494.0,20-49,4-4,Odense East,761435,594000.0,6145000.0,1km_6145_594
296756.0,355.0,494.0,150-399,4-4,Odense East,1000581,594000.0,6144000.0,1km_6144_594
296757.0,356.0,494.0,400 >,4-4,Odense East,1000581,594000.0,6143000.0,1km_6143_594
296758.0,357.0,494.0,50-99,4-4,Odense East,286535,594000.0,6142000.000000001,1km_6142_594
296759.0,358.0,494.0,1-19,4-4,Odense East,439099,594000.0,6141000.0,1km_6141_594
296760.0,359.0,494.0,20-49,4-4,Odense East,950655,594000.0,6140000.0,1km_6140_594
296761.0,360.0,494.0,100-149,4-4,Odense East,1000581,594000.0,6139000.0,1km_6139_594
296762.0,361.0,494.0,50-99,4-4,Odense East,1000581,594000.0,6137999.999999999,1km_6137_594
296763.0,362.0,494.0,1-19,4-4,Odense East,1000581,594000.0,6137000.0,1km_6137_594
296764.0,363.0,494.0,,4-4,Odense East,1000581,594000.0,6136000.0,1km_6136_594
296765.0,364.0,494.0,400 >,4-4,Odense South,115824,594000.0,6135000.0,1km_6135_594
296765.0,364.0,494.0,400 >,4-4,Odense East,884758,594000.0,6135000.0,1km_6135_594
296766.0,365.0,494.0,1-19,4-4,Odense South,883362,594000.0,6134000.000000001,1km_6134_594
296766.0,365.0,494.0,1-19,4-4,Odense East,117219,594000.0,6134000.000000001,1km_6134_594
296767.0,366.0,494.0,50-99,4-4,Odense South,1000581,594000.0,6133000.0,1km_6133_594
296768.0,367.0,494.0,50-99,4-4,Odense South,1000581,594000.0,6132000.0,1km_6132_594
296769.0,368.0,494.0,20-49,4-4,Odense South,305336,594000.0,6131000.0,1km_6131_594
297355.0,354.0,495.0,20-49,4-4,Odense East,210382,595000.0,6145000.0,1km_6145_595
297356.0,355.0,495.0,50-99,4-4,Odense East,796191,595000.0,6144000.0,1km_6144_595
297357.0,356.0,495.0,50-99,4-4,Odense East,1000576,595000.0,6143000.0,1km_6143_595
297358.0,357.0,495.0,20-49,4-4,Odense East,332913,595000.0,6142000.000000001,1km_6142_595
297360.0,359.0,495.0,100-149,4-4,Odense East,5823,595000.0,6140000.0,1km_6140_595
297361.0,360.0,495.0,50-99,4-4,Odense East,225379,595000.0,6139000.0,1km_6139_595
297362.0,361.0,495.0,20-49,4-4,Odense East,731174,595000.0,6137999.999999999,1km_6137_595
297363.0,362.0,495.0,50-99,4-4,Odense East,1000418,595000.0,6137000.0,1km_6137_595
297364.0,363.0,495.0,20-49,4-4,Odense East,1000576,595000.0,6136000.0,1km_6136_595
297365.0,364.0,495.0,400 >,4-4,Odense East,1000576,595000.0,6135000.0,1km_6135_595
297366.0,365.0,495.0,20-49,4-4,Odense South,53457,595000.0,6134000.000000001,1km_6134_595
297366.0,365.0,495.0,20-49,4-4,Odense East,947120,595000.0,6134000.000000001,1km_6134_595
297367.0,366.0,495.0,150-399,4-4,Odense South,359692,595000.0,6133000.0,1km_6133_595
297367.0,366.0,495.0,150-399,4-4,Odense East,640885,595000.0,6133000.0,1km_6133_595
297368.0,367.0,495.0,50-99,4-4,Odense South,1000576,595000.0,6132000.0,1km_6132_595
297369.0,368.0,495.0,50-99,4-4,Odense South,332544,595000.0,6131000.0,1km_6131_595
297956.0,355.0,496.0,20-49,4-4,Odense East,136537,596000.0,6144000.0,1km_6144_596
297957.0,356.0,496.0,50-99,4-4,Odense East,743493,596000.0,6143000.0,1km_6143_596
297958.0,357.0,496.0,50-99,4-4,Odense East,237271,596000.0,6142000.000000001,1km_6142_596
297962.0,361.0,496.0,150-399,4-4,Odense East,1478,596000.0,6137999.999999999,1km_6137_596
297963.0,362.0,496.0,20-49,4-4,Odense East,386852,596000.0,6137000.0,1km_6137_596
297964.0,363.0,496.0,1-19,4-4,Odense East,1000572,596000.0,6136000.0,1km_6136_596
297965.0,364.0,496.0,20-49,4-4,Odense East,1000572,596000.0,6135000.0,1km_6135_596
297966.0,365.0,496.0,1-19,4-4,Odense East,1000572,596000.0,6134000.000000001,1km_6134_596
297967.0,366.0,496.0,50-99,4-4,Odense South,120,596000.0,6133000.0,1km_6133_596
297967.0,366.0,496.0,50-99,4-4,Odense East,1000452,596000.0,6133000.0,1km_6133_596
297968.0,367.0,496.0,50-99,4-4,Odense South,901150,596000.0,6132000.0,1km_6132_596
297968.0,367.0,496.0,50-99,4-4,Odense East,99422,596000.0,6132000.0,1km_6132_596
297969.0,368.0,496.0,50-99,4-4,Odense South,315938,596000.0,6131000.0,1km_6131_596
298563.0,362.0,497.0,20-49,4-4,Odense East,12,597000.0,6137000.0,1km_6137_597
298564.0,363.0,497.0,,4-4,Odense East,325110,597000.0,6136000.0,1km_6136_597
298565.0,364.0,497.0,20-49,4-4,Odense East,995540,597000.0,6135000.0,1km_6135_597
298566.0,365.0,497.0,50-99,4-4,Odense East,1000567,597000.0,6134000.000000001,1km_6134_597
298567.0,366.0,497.0,150-399,4-4,Odense East,1000567,597000.0,6133000.0,1km_6133_597
298568.0,367.0,497.0,50-99,4-4,Odense South,581374,597000.0,6132000.0,1km_6132_597
298568.0,367.0,497.0,50-99,4-4,Odense East,419193,597000.0,6132000.0,1km_6132_597
298569.0,368.0,497.0,50-99,4-4,Odense South,114254,597000.0,6131000.0,1km_6131_597
299164.0,363.0,498.0,20-49,4-4,Odense East,7490,598000.0,6136000.0,1km_6136_598
299165.0,364.0,498.0,1-19,4-4,Odense East,560064,598000.0,6135000.0,1km_6135_598
299166.0,365.0,498.0,20-49,4-4,Odense East,966681,598000.0,6134000.000000001,1km_6134_598
299167.0,366.0,498.0,50-99,4-4,Odense East,1000562,598000.0,6133000.0,1km_6133_598
299168.0,367.0,498.0,50-99,4-4,Odense South,103361,598000.0,6132000.0,1km_6132_598
299168.0,367.0,498.0,50-99,4-4,Odense East,809229,598000.0,6132000.0,1km_6132_598
299169.0,368.0,498.0,50-99,4-4,Odense South,99554,598000.0,6131000.0,1km_6131_598
299766.0,365.0,499.0,20-49,4-4,Odense East,464051,599000.0,6134000.000000001,1km_6134_599
299767.0,366.0,499.0,20-49,4-4,Odense East,719783,599000.0,6133000.0,1km_6133_599
299768.0,367.0,499.0,50-99,4-4,Odense East,106346,599000.0,6132000.0,1km_6132_599
