kvadrat_id,main_district,pop_density_class_per_km2,dens_mid_per_km2,pop_total,nonwestern,turkey_origin_pop,age_0_14,age_65plus
1km_6136_593,Odense East,400 >,500.0,1606.657978440703,26.0,3.0,,
1km_6142_583,Odense West,400 >,500.0,1606.657978440703,18.0,2.0,,
1km_6133_586,Odense South,400 >,500.0,1606.657978440703,6.0,0.0,,
1km_6134_586,Odense South,400 >,500.0,1606.657978440703,12.0,0.0,,
1km_6135_586,Odense South,400 >,500.0,1606.657978440703,44.0,1.0,,
1km_6136_586,Odense South,400 >,500.0,1606.657978440703,61.0,1.0,,
1km_6137_586,Odense South,400 >,500.0,1606.657978440703,16.0,2.0,,
1km_6133_583,Odense South,400 >,500.0,1606.657978440703,20.0,1.0,,
1km_6132_583,Odense South,400 >,500.0,1606.657978440703,5.0,1.0,,
1km_6140_580,Odense West,400 >,500.0,1606.657978440703,11.0,3.0,,
1km_6141_580,Odense West,400 >,500.0,1606.657978440703,17.0,0.0,,
1km_6142_580,Odense West,400 >,500.0,1606.657978440703,36.0,1.0,,
1km_6129_583,Odense South,400 >,500.0,1606.657978440703,3.0,0.0,,
1km_6142_590,Odense East,400 >,500.0,1606.657978440703,294.0,33.0,,
1km_6141_590,Odense East,400 >,500.0,1606.657978440703,275.0,14.0,,
1km_6140_590,Odense East,400 >,500.0,1606.657978440703,611.0,124.0,,
1km_6139_590,Odense East,400 >,500.0,1606.657978440703,633.0,81.0,,
1km_6140_586,Odense West,400 >,500.0,1606.657978440703,49.0,7.0,,
1km_6141_586,Odense West,400 >,500.0,1606.657978440703,42.0,2.0,,
1km_6144_582,Odense West,400 >,500.0,1606.657978440703,13.0,1.0,,
1km_6141_583,Odense West,400 >,500.0,1606.657978440703,22.0,4.0,,
1km_6144_583,Odense West,400 >,500.0,1606.657978440703,6.0,0.0,,
1km_6133_590,Odense South,400 >,500.0,1606.657978440703,33.0,2.0,,
1km_6145_587,Odense West,400 >,500.0,1606.657978440703,10.0,0.0,,
1km_6142_588,Odense East,400 >,500.0,1606.657978440703,23.0,1.0,,
1km_6141_588,Odense East,400 >,500.0,1606.657978440703,119.0,9.0,,
1km_6134_587,Odense South,400 >,500.0,1606.657978440703,30.0,0.0,,
1km_6141_582,Odense West,400 >,500.0,1606.657978440703,12.0,0.0,,
1km_6135_587,Odense South,400 >,500.0,1606.657978440703,104.0,3.0,,
1km_6136_587,Odense South,400 >,500.0,1606.657978440703,3.0,0.0,,
1km_6137_588,Odense South,400 >,500.0,1606.657978440703,168.0,17.0,,
1km_6136_588,Odense South,400 >,500.0,1606.657978440703,36.0,0.0,,
1km_6135_588,Odense South,400 >,500.0,1606.657978440703,53.0,1.0,,
1km_6137_587,Odense South,400 >,500.0,1606.657978440703,6.0,0.0,,
1km_6142_589,Odense East,400 >,500.0,1606.657978440703,15.0,2.0,,
1km_6141_589,Odense East,400 >,500.0,1606.657978440703,425.0,42.0,,
1km_6140_589,Odense East,400 >,500.0,1606.657978440703,136.0,8.0,,
1km_6139_589,Odense East,400 >,500.0,1606.657978440703,209.0,13.0,,
1km_6133_582,Odense South,400 >,500.0,1606.657978440703,15.0,2.0,,
1km_6144_587,Odense West,400 >,500.0,1606.657978440703,14.0,0.0,,
1km_6137_589,Odense South,400 >,500.0,1606.657978440703,93.0,10.0,,
1km_6136_589,Odense South,400 >,500.0,1606.657978440703,14.0,0.0,,
1km_6142_586,Odense West,400 >,500.0,1606.657978440703,42.0,0.0,,
1km_6143_594,Odense East,400 >,500.0,1606.657978440703,8.0,0.0,,
1km_6132_590,Odense South,400 >,500.0,1606.657978440703,1.0,0.0,,
1km_6132_584,Odense South,400 >,500.0,1606.657978440703,8.0,0.0,,
1km_6143_586,Odense West,400 >,500.0,1606.657978440703,91.0,1.0,,
1km_6135_595,Odense East,400 >,500.0,1606.657978440703,46.0,1.0,,
1km_6143_592,Odense East,400 >,500.0,1606.657978440703,54.0,15.0,,
1km_6142_592,Odense East,400 >,500.0,1606.657978440703,101.0,16.0,,
1km_6132_585,Odense South,400 >,500.0,1606.657978440703,13.0,1.0,,
1km_6140_592,Odense East,400 >,500.0,1606.657978440703,24.0,1.0,,
1km_6133_585,Odense South,400 >,500.0,1606.657978440703,38.0,5.0,,
1km_6137_592,Odense East,400 >,500.0,1606.657978440703,73.0,2.0,,
1km_6134_585,Odense South,400 >,500.0,1606.657978440703,44.0,3.0,,
1km_6135_585,Odense South,400 >,500.0,1606.657978440703,57.0,4.0,,
1km_6136_585,Odense South,400 >,500.0,1606.657978440703,74.0,3.0,,
1km_6137_585,Odense South,400 >,500.0,1606.657978440703,9.0,0.0,,
1km_6143_593,Odense East,400 >,500.0,1606.657978440703,43.0,15.0,,
1km_6143_585,Odense West,400 >,500.0,1606.657978440703,13.0,0.0,,
1km_6142_585,Odense West,400 >,500.0,1606.657978440703,24.0,4.0,,
1km_6141_585,Odense West,400 >,500.0,1606.657978440703,8.0,0.0,,
1km_6140_585,Odense West,400 >,500.0,1606.657978440703,185.0,29.0,,
1km_6137_593,Odense East,400 >,500.0,1606.657978440703,18.0,3.0,,
1km_6133_591,Odense South,400 >,500.0,1606.657978440703,23.0,1.0,,
1km_6132_591,Odense South,400 >,500.0,1606.657978440703,48.0,4.0,,
1km_6135_591,Odense South,400 >,500.0,1606.657978440703,25.0,4.0,,
1km_6143_591,Odense East,400 >,500.0,1606.657978440703,55.0,16.0,,
1km_6144_586,Odense West,400 >,500.0,1606.657978440703,19.0,0.0,,
1km_6144_584,Odense West,400 >,500.0,1606.657978440703,10.0,2.0,,
1km_6143_584,Odense West,400 >,500.0,1606.657978440703,25.0,3.0,,
1km_6142_584,Odense West,400 >,500.0,1606.657978440703,18.0,0.0,,
1km_6142_579,Odense West,400 >,500.0,1606.657978440703,21.0,4.0,,
1km_6141_584,Odense West,400 >,500.0,1606.657978440703,123.0,8.0,,
1km_6140_584,Odense West,400 >,500.0,1606.657978440703,239.0,34.0,,
1km_6139_584,Odense West,400 >,500.0,1606.657978440703,377.0,30.0,,
1km_6144_588,Odense West,400 >,500.0,1606.657978440703,30.0,1.0,,
1km_6142_591,Odense East,400 >,500.0,1606.657978440703,73.0,21.0,,
1km_6141_591,Odense East,400 >,500.0,1606.657978440703,459.0,43.0,,
1km_6140_591,Odense East,400 >,500.0,1606.657978440703,380.0,98.0,,
1km_6136_584,Odense South,400 >,500.0,1606.657978440703,15.0,1.0,,
1km_6137_591,Odense East,400 >,500.0,1606.657978440703,55.0,1.0,,
1km_6134_584,Odense South,400 >,500.0,1606.657978440703,31.0,2.0,,
1km_6133_584,Odense South,400 >,500.0,1606.657978440703,18.0,1.0,,
1km_6135_592,Odense South,400 >,500.0,1591.9314895471741,19.0,1.0,,
1km_6140_588,Odense East,400 >,500.0,1564.3319419306767,228.0,29.0,,
1km_6137_590,Odense South,400 >,500.0,1561.7931116832913,201.0,18.0,,
1km_6136_591,Odense South,400 >,500.0,1558.9845681405957,29.0,2.0,,
1km_6139_585,Odense West,400 >,500.0,1558.5476712904397,314.0,11.0,,
1km_6135_594,Odense East,400 >,500.0,1420.6775124987284,7.0,1.0,,
1km_6140_587,Odense West,400 >,500.0,1387.5714764326556,158.0,9.0,,
1km_6144_589,Odense West,400 >,500.0,1373.3422990572394,8.0,0.0,,
1km_6139_588,Odense East,400 >,500.0,1136.659917812067,140.0,6.0,,
1km_6136_592,Odense East,400 >,500.0,1104.8022396186454,18.0,2.0,,
1km_6142_587,Odense East,400 >,500.0,982.7392375600101,2.0,0.0,,
1km_6141_587,Odense East,400 >,500.0,948.095688943831,37.0,2.0,,
1km_6139_587,Odense South,400 >,500.0,938.6263856633485,155.0,7.0,,
1km_6145_588,Odense West,150-399,274.5,882.0552301639459,7.0,0.0,,
1km_6143_583,Odense West,150-399,274.5,882.0552301639459,10.0,0.0,,
1km_6134_590,Odense South,150-399,274.5,882.0552301639459,6.0,0.0,,
1km_6139_580,Odense West,150-399,274.5,882.0552301639459,3.0,0.0,,
1km_6135_589,Odense South,150-399,274.5,882.0552301639459,4.0,0.0,,
1km_6139_579,Odense West,150-399,274.5,882.0552301639459,1.0,0.0,,
1km_6137_580,Odense West,150-399,274.5,882.0552301639459,2.0,0.0,,
1km_6140_579,Odense West,150-399,274.5,882.0552301639459,3.0,0.0,,
1km_6143_590,Odense East,150-399,274.5,882.0552301639459,2.0,1.0,,
1km_6132_582,Odense South,150-399,274.5,882.0552301639459,0.0,0.0,,
1km_6144_594,Odense East,150-399,274.5,882.0552301639459,6.0,3.0,,
1km_6134_580,Odense South,150-399,274.5,882.0552301639459,3.0,0.0,,
1km_6133_597,Odense East,150-399,274.5,882.0552301639459,6.0,1.0,,
1km_6142_581,Odense West,150-399,274.5,882.0552301639459,9.0,0.0,,
1km_6145_586,Odense West,150-399,274.5,882.0552301639459,10.0,0.0,,
1km_6134_588,Odense South,150-399,274.5,882.0552301639459,6.0,1.0,,
1km_6141_592,Odense East,150-399,274.5,882.0552301639459,5.0,2.0,,
1km_6139_582,Odense West,150-399,274.5,882.0552301639459,1.0,0.0,,
1km_6142_582,Odense West,150-399,274.5,882.0552301639459,7.0,0.0,,
1km_6144_585,Odense West,150-399,274.5,882.0552301639459,1.0,0.0,,
1km_6136_583,Odense South,150-399,274.5,882.0552301639459,3.0,0.0,,
1km_6143_579,Odense West,150-399,274.5,881.9368601908276,5.0,0.0,,
1km_6137_584,Odense South,150-399,274.5,872.6602877563754,3.0,0.0,,
1km_6135_593,Odense South,400 >,500.0,865.3757012183997,36.0,0.0,,
1km_6131_590,Odense South,150-399,274.5,817.15749677214,1.0,0.0,,
1km_6139_586,Odense South,400 >,500.0,808.058161146689,206.0,8.0,,
1km_6143_587,Odense West,150-399,274.5,785.9323622449577,5.0,0.0,,
1km_6142_593,Odense East,150-399,274.5,763.1561101225969,0.0,0.0,,
1km_6143_589,Odense East,150-399,274.5,717.197658844447,3.0,3.0,,
1km_6135_580,Odense South,150-399,274.5,598.9602991804169,0.0,0.0,,
1km_6133_595,Odense East,150-399,274.5,564.9702700715969,1.0,0.0,,
1km_6144_591,Odense East,150-399,274.5,552.7417424406947,9.0,0.0,,
1km_6137_579,Odense West,100-149,124.5,400.05783663173503,0.0,0.0,,
1km_6131_591,Odense South,100-149,124.5,400.05783663173503,4.0,0.0,,
1km_6145_583,Odense West,100-149,124.5,400.05783663173503,1.0,0.0,,
1km_6139_592,Odense East,100-149,124.5,400.05783663173503,4.0,0.0,,
1km_6139_591,Odense East,100-149,124.5,400.05783663173503,6.0,3.0,,
1km_6133_593,Odense South,100-149,124.5,400.05783663173503,3.0,0.0,,
1km_6139_594,Odense East,100-149,124.5,400.05783663173503,0.0,0.0,,
1km_6135_583,Odense South,100-149,124.5,400.05783663173503,2.0,0.0,,
1km_6147_586,Odense West,100-149,124.5,400.05783663173503,9.0,0.0,,
1km_6137_575,Odense West,400 >,500.0,261.3257069784161,0.0,0.0,,
1km_6132_592,Odense South,50-99,74.5,239.39203878766475,0.0,0.0,,
1km_6140_593,Odense East,50-99,74.5,239.39203878766475,0.0,0.0,,
1km_6139_593,Odense East,50-99,74.5,239.39203878766475,0.0,0.0,,
1km_6133_594,Odense South,50-99,74.5,239.39203878766475,1.0,0.0,,
1km_6134_591,Odense South,50-99,74.5,239.39203878766475,2.0,0.0,,
1km_6134_589,Odense South,50-99,74.5,239.39203878766475,2.0,0.0,,
1km_6133_589,Odense South,50-99,74.5,239.39203878766475,1.0,0.0,,
1km_6132_594,Odense South,50-99,74.5,239.39203878766475,0.0,0.0,,
1km_6137_594,Odense East,50-99,74.5,239.39203878766475,0.0,0.0,,
1km_6132_586,Odense South,50-99,74.5,239.39203878766475,1.0,0.0,,
1km_6143_595,Odense East,50-99,74.5,239.39203878766475,1.0,0.0,,
1km_6147_587,Odense West,50-99,74.5,239.39203878766475,0.0,0.0,,
1km_6145_585,Odense West,50-99,74.5,239.39203878766475,0.0,0.0,,
1km_6132_581,Odense South,50-99,74.5,239.39203878766475,0.0,0.0,,
1km_6140_581,Odense West,50-99,74.5,239.39203878766475,0.0,0.0,,
1km_6139_581,Odense West,50-99,74.5,239.39203878766475,2.0,0.0,,
1km_6137_581,Odense West,50-99,74.5,239.39203878766475,0.0,0.0,,
1km_6135_581,Odense South,50-99,74.5,239.39203878766475,1.0,0.0,,
1km_6133_581,Odense South,50-99,74.5,239.39203878766475,10.0,0.0,,
1km_6131_581,Odense South,50-99,74.5,239.39203878766475,0.0,0.0,,
1km_6143_581,Odense West,50-99,74.5,239.39203878766475,0.0,0.0,,
1km_6145_582,Odense West,50-99,74.5,239.39203878766475,2.0,0.0,,
1km_6143_582,Odense West,50-99,74.5,239.39203878766475,0.0,0.0,,
1km_6140_582,Odense West,50-99,74.5,239.39203878766475,3.0,0.0,,
1km_6135_582,Odense South,50-99,74.5,239.39203878766475,0.0,0.0,,
1km_6134_582,Odense South,50-99,74.5,239.39203878766475,6.0,0.0,,
1km_6141_581,Odense West,50-99,74.5,239.39203878766475,0.0,0.0,,
1km_6145_581,Odense West,50-99,74.5,239.39203878766475,0.0,0.0,,
1km_6128_582,Odense South,50-99,74.5,239.39203878766475,0.0,0.0,,
1km_6141_578,Odense West,50-99,74.5,239.39203878766475,0.0,0.0,,
1km_6133_598,Odense East,50-99,74.5,239.39203878766475,0.0,0.0,,
1km_6137_576,Odense West,50-99,74.5,239.39203878766475,0.0,0.0,,
1km_6139_577,Odense West,50-99,74.5,239.39203878766475,0.0,0.0,,
1km_6137_577,Odense West,50-99,74.5,239.39203878766475,1.0,0.0,,
1km_6140_578,Odense West,50-99,74.5,239.39203878766475,0.0,0.0,,
1km_6139_578,Odense West,50-99,74.5,239.39203878766475,0.0,0.0,,
1km_6137_578,Odense West,50-99,74.5,239.39203878766475,0.0,0.0,,
1km_6141_579,Odense West,50-99,74.5,239.39203878766475,0.0,0.0,,
1km_6136_579,Odense West,50-99,74.5,239.39203878766475,1.0,0.0,,
1km_6134_597,Odense East,50-99,74.5,239.39203878766475,0.0,0.0,,
1km_6143_580,Odense West,50-99,74.5,239.39203878766475,0.0,0.0,,
1km_6129_582,Odense South,50-99,74.5,239.39203878766475,0.0,0.0,,
1km_6131_583,Odense South,50-99,74.5,239.39203878766475,2.0,0.0,,
1km_6131_584,Odense South,50-99,74.5,239.39203878766475,0.0,0.0,,
1km_6140_583,Odense West,50-99,74.5,239.39203878766475,0.0,0.0,,
1km_6139_583,Odense West,50-99,74.5,239.39203878766475,3.0,0.0,,
1km_6135_584,Odense South,50-99,74.5,239.39203878766475,3.0,0.0,,
1km_6137_583,Odense West,50-99,74.5,239.39203878766475,0.0,0.0,,
1km_6145_584,Odense West,50-99,74.5,239.39203878766475,1.0,0.0,,
1km_6132_595,Odense South,50-99,74.5,239.39203878766475,0.0,0.0,,
1km_6147_585,Odense West,50-99,74.5,239.39203878766475,0.0,0.0,,
1km_6133_596,Odense East,50-99,74.5,239.36331516862114,0.0,0.0,,
1km_6137_595,Odense East,50-99,74.5,239.35419672428242,0.0,0.0,,
1km_6136_580,Odense West,50-99,74.5,239.22855592975117,0.0,0.0,,
1km_6145_580,Odense West,50-99,74.5,239.17648972233607,0.0,0.0,,
1km_6132_587,Odense South,50-99,74.5,238.2962917147647,4.0,0.0,,
1km_6133_580,Odense South,50-99,74.5,237.37483422367197,0.0,0.0,,
1km_6142_578,Odense West,50-99,74.5,236.86812031488796,0.0,0.0,,
1km_6131_580,Odense South,50-99,74.5,231.46884195963838,5.0,0.0,,
1km_6131_592,Odense South,50-99,74.5,229.12890379805245,0.0,0.0,,
1km_6136_582,Odense South,50-99,74.5,222.31016620281977,0.0,0.0,,
1km_6128_583,Odense South,50-99,74.5,220.24732319265766,0.0,0.0,,
1km_6132_596,Odense South,50-99,74.5,215.60477901002892,0.0,0.0,,
1km_6131_585,Odense South,50-99,74.5,209.49688169361121,6.0,0.0,,
1km_6128_584,Odense South,50-99,74.5,208.09407792206764,0.0,0.0,,
1km_6129_584,Odense South,50-99,74.5,205.32215359427744,0.0,0.0,,
1km_6143_588,Odense West,100-149,124.5,204.4642457639682,9.0,0.0,,
1km_6144_593,Odense East,50-99,74.5,198.95254046046387,0.0,0.0,,
1km_6132_598,Odense East,50-99,74.5,193.61421150357322,0.0,0.0,,
1km_6144_595,Odense East,50-99,74.5,190.4918581208042,2.0,1.0,,
1km_6143_596,Odense East,50-99,74.5,177.8844860876946,2.0,0.0,,
1km_6148_586,Odense West,50-99,74.5,175.5327957432464,0.0,0.0,,
1km_6136_581,Odense West,50-99,74.5,166.9552870368928,1.0,0.0,,
1km_6135_577,Odense West,50-99,74.5,165.73890350033366,0.0,0.0,,
1km_6147_588,Odense West,50-99,74.5,164.602479102986,0.0,0.0,,
1km_6132_588,Odense South,50-99,74.5,158.33372326506938,3.0,0.0,,
1km_6148_585,Odense West,50-99,74.5,156.64681676334015,1.0,0.0,,
1km_6148_587,Odense West,50-99,74.5,151.8254599138784,0.0,0.0,,
1km_6129_581,Odense South,50-99,74.5,148.0501532111105,0.0,0.0,,
1km_6132_597,Odense South,50-99,74.5,139.097516597606,0.0,0.0,,
1km_6147_584,Odense West,50-99,74.5,135.0727185618392,0.0,0.0,,
1km_6129_580,Odense South,50-99,74.5,123.01600184568709,0.0,,,
1km_6134_579,Odense South,50-99,74.5,114.55688512180723,0.0,0.0,,
1km_6142_577,Odense West,50-99,74.5,113.05418138688313,0.0,0.0,,
1km_6144_580,Odense West,20-49,34.5,110.8594005124085,0.0,0.0,,
1km_6136_578,Odense West,20-49,34.5,110.8594005124085,0.0,0.0,,
1km_6140_577,Odense West,20-49,34.5,110.8594005124085,0.0,0.0,,
1km_6144_581,Odense West,20-49,34.5,110.8594005124085,4.0,0.0,,
1km_6133_588,Odense South,20-49,34.5,110.8594005124085,2.0,0.0,,
1km_6131_582,Odense South,20-49,34.5,110.8594005124085,0.0,0.0,,
1km_6137_582,Odense West,20-49,34.5,110.8594005124085,0.0,0.0,,
1km_6133_587,Odense South,20-49,34.5,110.8594005124085,0.0,0.0,,
1km_6135_596,Odense East,20-49,34.5,110.8594005124085,0.0,0.0,,
1km_6133_592,Odense South,20-49,34.5,110.8594005124085,0.0,0.0,,
1km_6134_581,Odense South,20-49,34.5,110.8594005124085,1.0,0.0,,
1km_6136_595,Odense East,20-49,34.5,110.8594005124085,2.0,0.0,,
1km_6135_597,Odense East,20-49,34.5,110.30241673498772,0.0,0.0,,
1km_6145_589,Odense West,20-49,34.5,108.75872338579863,2.0,0.0,,
1km_6134_598,Odense East,20-49,34.5,107.10551324025626,0.0,0.0,,
1km_6135_579,Odense West,20-49,34.5,105.62146681359255,0.0,0.0,,
1km_6140_594,Odense East,20-49,34.5,105.32788328768308,0.0,0.0,,
1km_6134_595,Odense East,20-49,34.5,104.93667228594344,8.0,0.0,,
1km_6136_575,Odense West,20-49,34.5,103.99995508715702,0.0,0.0,,
1km_6132_580,Odense South,20-49,34.5,100.45152805491776,0.0,0.0,,
1km_6131_579,Odense South,400 >,500.0,99.89890781447534,0.0,0.0,,
1km_6147_582,Odense West,20-49,34.5,99.29321702899466,0.0,0.0,,
1km_6141_577,Odense West,20-49,34.5,96.67965613918813,0.0,0.0,,
1km_6144_592,Odense East,20-49,34.5,96.4374661298247,0.0,0.0,,
1km_6143_578,Odense West,100-149,124.5,92.49295086014726,0.0,0.0,,
1km_6145_594,Odense East,20-49,34.5,84.36316812164753,1.0,0.0,,
1km_6135_578,Odense West,20-49,34.5,83.3507967896528,0.0,0.0,,
1km_6133_599,Odense East,20-49,34.5,79.75019495223324,0.0,0.0,,
1km_6131_595,Odense South,50-99,74.5,79.56264629727681,1.0,0.0,,
1km_6147_589,Odense West,20-49,34.5,77.07256912682853,0.0,0.0,,
1km_6131_596,Odense South,50-99,74.5,75.58980487918166,0.0,0.0,,
1km_6129_590,Odense South,20-49,34.5,69.08895901827033,0.0,,,
1km_6142_594,Odense East,50-99,74.5,68.55433518162752,0.0,0.0,,
1km_6131_593,Odense South,20-49,34.5,67.5388255880212,0.0,0.0,,
1km_6128_581,Odense South,20-49,34.5,61.88468761857451,0.0,0.0,,
1km_6144_578,Odense West,50-99,74.5,58.01695076858476,0.0,0.0,,
1km_6142_596,Odense East,50-99,74.5,56.768204720939835,0.0,0.0,,
1km_6129_592,Odense South,20-49,34.5,55.97403593958609,0.0,,,
1km_6148_582,Odense West,20-49,34.5,54.99477688208149,0.0,0.0,,
1km_6139_595,Odense East,50-99,74.5,53.92285821726207,0.0,0.0,,
1km_6134_599,Odense East,20-49,34.5,51.41571353449444,0.0,0.0,,
1km_6133_579,Odense South,50-99,74.5,42.990526951227395,0.0,0.0,,
1km_6137_596,Odense East,20-49,34.5,42.861649276701904,0.0,0.0,,
1km_6129_585,Odense South,50-99,74.5,39.63438541394308,0.0,0.0,,
1km_6142_595,Odense East,20-49,34.5,36.88521713736921,0.0,0.0,,
1km_6131_594,Odense South,20-49,34.5,33.829731328573764,0.0,0.0,,
1km_6134_593,Odense South,1-19,10.0,32.13315956881406,0.0,0.0,,
1km_6135_590,Odense South,1-19,10.0,32.13315956881406,0.0,0.0,,
1km_6134_592,Odense South,1-19,10.0,32.13315956881406,0.0,0.0,,
1km_6132_593,Odense South,1-19,10.0,32.13315956881406,0.0,0.0,,
1km_6134_583,Odense South,1-19,10.0,32.13315956881406,0.0,0.0,,
1km_6136_596,Odense East,1-19,10.0,32.13315956881406,0.0,0.0,,
1km_6134_596,Odense East,1-19,10.0,32.13315956881406,0.0,0.0,,
1km_6136_577,Odense West,1-19,10.0,32.12773497057947,0.0,0.0,,
1km_6144_579,Odense West,1-19,10.0,31.532314772134757,0.0,0.0,,
1km_6139_576,Odense West,1-19,10.0,31.203474101601287,0.0,0.0,,
1km_6127_582,Odense South,20-49,34.5,29.51376102256704,0.0,0.0,,
1km_6134_594,Odense South,1-19,10.0,28.368717009604527,0.0,0.0,,
1km_6136_576,Odense West,1-19,10.0,27.711329197729757,0.0,0.0,,
1km_6129_591,Odense South,1-19,10.0,27.348689589074247,0.0,,,
1km_6131_597,Odense South,50-99,74.5,27.336053097388973,0.0,0.0,,
1km_6132_599,Odense East,50-99,74.5,25.444130034251526,0.0,0.0,,
1km_6140_576,Odense West,1-19,10.0,24.430456253854434,0.0,0.0,,
1km_6131_598,Odense South,50-99,74.5,23.818943620030954,0.0,0.0,,
1km_6145_595,Odense East,20-49,34.5,23.309336307135165,0.0,0.0,,
1km_6132_579,Odense South,100-149,124.5,20.792177041729005,0.0,0.0,,
1km_6147_581,Odense West,20-49,34.5,20.464746423035077,0.0,0.0,,
1km_6144_590,Odense East,1-19,10.0,19.8642237406434,0.0,0.0,,
1km_6135_575,Odense West,50-99,74.5,19.62782838054538,0.0,0.0,,
1km_6134_578,Odense West,50-99,74.5,19.60870507733201,0.0,0.0,,
1km_6135_598,Odense East,1-19,10.0,17.98651680146979,0.0,0.0,,
1km_6139_575,Odense West,50-99,74.5,17.82843848087158,0.0,0.0,,
1km_6147_590,Odense West,1-19,10.0,16.615631846680415,0.0,0.0,,
1km_6128_585,Odense South,1-19,10.0,16.025096464075865,0.0,0.0,,
1km_6144_596,Odense East,20-49,34.5,15.127748300475513,0.0,0.0,,
1km_6145_579,Odense West,1-19,10.0,14.783839780428345,0.0,0.0,,
1km_6141_594,Odense East,1-19,10.0,14.101432993638833,0.0,0.0,,
1km_6127_581,Odense South,50-99,74.5,13.082408716912623,0.0,0.0,,
1km_6131_586,Odense South,1-19,10.0,12.851082324754397,0.0,0.0,,
1km_6131_587,Odense South,20-49,34.5,9.87491208246506,0.0,0.0,,
1km_6131_589,Odense South,20-49,34.5,8.604969852749006,0.0,0.0,,
1km_6135_574,Odense West,50-99,74.5,7.456935667963113,0.0,0.0,,
1km_6134_577,Odense West,50-99,74.5,6.798141777045482,0.0,0.0,,
1km_6141_576,Odense West,1-19,10.0,5.231505449437616,0.0,0.0,,
1km_6127_583,Odense South,50-99,74.5,4.222706966594187,0.0,0.0,,
1km_6149_586,Odense West,1-19,10.0,4.060997214344608,0.0,0.0,,
1km_6140_595,Odense East,100-149,124.5,2.328176570623748,0.0,0.0,,
1km_6136_574,Odense West,50-99,74.5,2.186553755917264,0.0,0.0,,
1km_6135_576,Odense West,50-99,74.5,1.6949032809486073,0.0,0.0,,
1km_6149_585,Odense West,20-49,34.5,1.465846696054946,0.0,0.0,,
1km_6148_584,Odense West,1-19,10.0,1.2554191776148476,0.0,0.0,,
1km_6136_598,Odense East,20-49,34.5,0.8299219619734469,0.0,0.0,,
1km_6148_590,Odense West,1-19,10.0,0.48296393777797986,0.0,0.0,,
1km_6148_583,Odense West,1-19,10.0,0.2526230058105644,0.0,0.0,,
1km_6137_597,Odense East,20-49,34.5,0.0013658931617139918,0.0,0.0,,
1km_6145_590,Odense East,,,0.0,0.0,0.0,,
1km_6145_592,Odense East,,,0.0,0.0,0.0,,
1km_6145_591,Odense East,,,0.0,0.0,0.0,,
1km_6147_591,Odense East,,,0.0,0.0,0.0,,
1km_6136_590,Odense South,,,0.0,0.0,0.0,,
1km_6147_583,Odense West,,,0.0,0.0,0.0,,
1km_6145_593,Odense East,,,0.0,0.0,0.0,,
1km_6136_594,Odense East,,,0.0,0.0,0.0,,
1km_6132_589,Odense South,,,0.0,0.0,0.0,,
1km_6148_588,Odense West,,,0.0,0.0,0.0,,
1km_6136_597,Odense East,,,0.0,0.0,0.0,,
1km_6141_593,Odense East,,,0.0,0.0,0.0,,
