OMRP,men,women,pop_total,mean_age,age_0_14,age_15_24,age_25_44,age_45_64,age_65_plus,pct_0_14,pct_65_plus,pct_women
10101,1317,1298,2615,42.98087954110898,462,276,551,732,594,17.667304015296367,22.7151051625239,49.636711281070745
10102,101,82,183,40.34426229508197,38,19,36,62,28,20.76502732240437,15.300546448087431,44.80874316939891
10103,163,173,336,44.723214285714285,45,41,60,111,79,13.392857142857142,23.511904761904763,51.48809523809524
10104,1,1,2,76.0,0,0,0,0,2,0.0,100.0,50.0
10105,18,18,36,38.361111111111114,7,7,5,11,6,19.444444444444443,16.666666666666668,50.0
10106,42,37,79,31.89873417721519,22,12,20,21,4,27.848101265822784,5.063291139240507,46.835443037974684
10301,116,113,229,47.8471615720524,27,22,40,62,78,11.790393013100436,34.06113537117904,49.34497816593886
10303,12,12,24,76.875,0,0,1,3,20,0.0,83.33333333333333,50.0
10304,22,16,38,23.842105263157894,0,28,10,0,0,0.0,0.0,42.10526315789474
10305,8,15,23,23.434782608695652,0,15,8,0,0,0.0,0.0,65.21739130434783
10306,33,38,71,23.014084507042252,0,54,17,0,0,0.0,0.0,53.521126760563384
10307,636,621,1257,38.07478122513922,267,143,342,313,192,21.241050119331742,15.274463007159904,49.40334128878282
10308,334,340,674,41.97032640949555,78,67,222,185,122,11.572700296735905,18.100890207715132,50.445103857566764
10309,647,680,1327,42.56895252449134,270,101,314,309,333,20.346646571213263,25.094197437829692,51.24340617935192
10310,427,482,909,46.88338833883388,95,92,200,252,270,10.45104510451045,29.702970297029704,53.02530253025302
10311,62,57,119,43.63025210084034,13,6,44,33,23,10.92436974789916,19.327731092436974,47.89915966386555
10701,657,646,1303,41.59094397544129,265,124,291,350,273,20.337682271680738,20.951650038372986,49.57789716039908
10702,165,194,359,27.88857938718663,130,34,119,64,12,36.211699164345404,3.3426183844011144,54.03899721448468
10703,5,1,6,33.833333333333336,1,1,3,1,0,16.666666666666668,0.0,16.666666666666668
10704,5,12,17,86.88235294117646,0,0,0,0,17,0.0,100.0,70.58823529411765
10705,15,21,36,67.61111111111111,0,0,1,13,22,0.0,61.111111111111114,58.333333333333336
10706,29,38,67,23.895522388059703,0,46,21,0,0,0.0,0.0,56.71641791044776
10707,827,791,1618,41.79357231149567,212,261,396,402,347,13.102595797280593,21.446229913473424,48.88751545117429
10708,42,35,77,24.25974025974026,0,50,26,1,0,0.0,0.0,45.45454545454545
10709,367,381,748,42.44117647058823,106,90,214,167,171,14.171122994652407,22.86096256684492,50.93582887700535
10710,17,23,40,22.825,0,34,6,0,0,0.0,0.0,57.5
10802,10,10,20,39.9,2,2,10,3,3,10.0,15.0,50.0
10803,356,387,743,38.69313593539704,139,129,126,243,106,18.70794078061911,14.266487213997308,52.08613728129206
10804,282,297,579,37.66493955094992,116,91,132,169,71,20.03454231433506,12.26252158894646,51.295336787564764
10805,562,538,1100,39.14272727272727,231,128,228,344,169,21.0,15.363636363636363,48.90909090909091
10806,502,517,1019,38.89990186457311,212,145,202,293,167,20.80471050049068,16.388616290480865,50.7360157016683
10807,12,24,36,82.75,0,0,0,1,35,0.0,97.22222222222223,66.66666666666667
10808,327,350,677,42.38552437223043,47,137,209,133,151,6.942392909896602,22.304283604135893,51.698670605612996
10809,11,12,23,24.217391304347824,0,12,11,0,0,0.0,0.0,52.17391304347826
10810,12,11,23,24.0,1,10,12,0,0,4.3478260869565215,0.0,47.82608695652174
10811,242,258,500,25.406,92,86,290,31,1,18.4,0.2,51.6
10812,51,61,112,23.142857142857142,0,82,30,0,0,0.0,0.0,54.464285714285715
10813,294,326,620,42.553225806451614,111,70,101,213,125,17.903225806451612,20.161290322580644,52.58064516129032
10814,11,15,26,22.653846153846153,1,17,8,0,0,3.8461538461538463,0.0,57.69230769230769
10815,192,246,438,47.6986301369863,16,83,110,84,145,3.65296803652968,33.10502283105023,56.16438356164384
10816,285,301,586,35.41638225255973,54,138,232,84,78,9.215017064846416,13.310580204778157,51.36518771331058
10817,11,8,19,46.8421052631579,0,0,7,9,3,0.0,15.789473684210526,42.10526315789474
10901,14,16,30,39.03333333333333,7,3,9,7,4,23.333333333333332,13.333333333333334,53.333333333333336
10902,100,84,184,42.15760869565217,34,11,48,62,29,18.47826086956522,15.76086956521739,45.65217391304348
10903,1589,1597,3186,43.82642812303829,533,323,692,812,826,16.72944130571249,25.925925925925927,50.125549278091654
10904,7,8,15,29.933333333333334,4,2,4,5,0,26.666666666666668,0.0,53.333333333333336
10905,47,50,97,36.58762886597938,19,14,25,29,10,19.587628865979383,10.309278350515465,51.54639175257732
10906,57,77,134,50.06716417910448,25,5,24,29,51,18.65671641791045,38.059701492537314,57.46268656716418
10907,97,101,198,31.97979797979798,54,34,41,63,6,27.272727272727273,3.0303030303030303,51.01010101010101
10908,253,225,478,34.82845188284519,103,47,172,104,52,21.548117154811717,10.878661087866108,47.07112970711297
10909,308,271,579,38.362694300518136,105,76,165,140,93,18.134715025906736,16.06217616580311,46.80483592400691
10910,12,16,28,41.642857142857146,5,3,4,15,1,17.857142857142858,3.5714285714285716,57.142857142857146
10911,13,9,22,31.59090909090909,5,4,7,5,1,22.727272727272727,4.545454545454546,40.90909090909091
11001,428,527,955,44.74554973821989,123,108,219,270,235,12.879581151832461,24.607329842931936,55.18324607329843
11002,94,74,168,46.517857142857146,15,14,33,80,26,8.928571428571429,15.476190476190476,44.04761904761905
11003,111,99,210,40.25238095238095,35,26,48,74,27,16.666666666666668,12.857142857142858,47.142857142857146
11004,3,5,8,32.25,1,3,0,4,0,12.5,0.0,62.5
11005,28,26,54,42.2037037037037,12,3,16,13,10,22.22222222222222,18.51851851851852,48.148148148148145
11006,2,1,3,25.666666666666668,1,0,1,1,0,33.333333333333336,0.0,33.333333333333336
11007,11,12,23,45.73913043478261,1,4,3,13,2,4.3478260869565215,8.695652173913043,52.17391304347826
11008,10,16,26,76.03846153846153,0,0,0,3,23,0.0,88.46153846153847,61.53846153846154
11009,20,35,55,51.10909090909091,0,11,11,16,17,0.0,30.90909090909091,63.63636363636363
11010,3,6,9,30.0,0,3,5,1,0,0.0,0.0,66.66666666666667
11011,11,11,22,47.36363636363637,5,0,4,7,6,22.727272727272727,27.272727272727273,50.0
11012,94,125,219,35.981735159817354,50,32,54,52,31,22.831050228310502,14.155251141552512,57.077625570776256
11013,187,229,416,41.11057692307692,81,40,105,95,95,19.471153846153847,22.83653846153846,55.04807692307692
11014,132,114,246,31.776422764227643,14,75,110,32,15,5.691056910569106,6.097560975609756,46.34146341463415
11015,165,178,343,44.68804664723032,56,30,74,87,96,16.3265306122449,27.988338192419825,51.89504373177842
11016,1221,1207,2428,42.2327018121911,486,216,564,595,567,20.0164744645799,23.352553542009886,49.71169686985173
11017,376,383,759,42.61923583662714,124,101,129,257,148,16.337285902503293,19.499341238471672,50.46113306982872
11301,95,82,177,42.813559322033896,36,9,32,68,32,20.338983050847457,18.07909604519774,46.32768361581921
11302,325,334,659,44.73596358118361,115,70,124,158,192,17.450682852807283,29.1350531107739,50.682852807283766
11303,5,16,21,81.33333333333333,0,0,0,2,19,0.0,90.47619047619048,76.19047619047619
11304,1063,1132,2195,44.312072892938495,344,210,454,643,544,15.671981776765376,24.78359908883827,51.571753986332574
11305,1,3,4,23.0,0,3,1,0,0,0.0,0.0,75.0
11306,1,3,4,24.5,0,2,2,0,0,0.0,0.0,75.0
11307,42,35,77,42.90909090909091,14,8,11,30,14,18.181818181818183,18.181818181818183,45.45454545454545
11308,716,689,1405,43.395017793594306,275,109,307,352,362,19.572953736654803,25.765124555160142,49.03914590747331
11401,621,617,1238,42.635702746365105,138,174,335,344,247,11.147011308562197,19.951534733441033,49.83844911147011
11402,651,670,1321,39.018168054504166,198,182,421,318,202,14.988644965934897,15.291445874337622,50.71915215745647
11403,774,758,1532,39.13446475195823,247,233,412,389,251,16.12271540469974,16.383812010443865,49.47780678851175
11404,327,361,688,41.80668604651163,129,75,138,209,137,18.75,19.912790697674417,52.47093023255814
11405,194,231,425,40.27058823529412,83,46,101,116,79,19.529411764705884,18.58823529411765,54.35294117647059
11406,411,446,857,39.576429404900814,34,253,272,141,157,3.9673278879813303,18.319719953325553,52.04200700116686
11407,413,410,823,31.913730255164033,41,267,362,96,57,4.981773997569866,6.92588092345079,49.817739975698665
11408,77,67,144,32.65277777777778,5,44,69,18,8,3.4722222222222223,5.555555555555555,46.52777777777778
11409,808,823,1631,30.297976701410178,39,587,794,132,79,2.391171060698958,4.843654199877376,50.45984058859595
11410,355,350,705,30.615602836879432,35,229,339,64,38,4.964539007092198,5.390070921985815,49.645390070921984
11411,238,251,489,35.56441717791411,74,96,160,105,54,15.132924335378323,11.042944785276074,51.329243353783234
11412,188,192,380,32.363157894736844,34,115,142,59,30,8.947368421052632,7.894736842105263,50.526315789473685
11413,10,17,27,74.0,0,0,0,7,20,0.0,74.07407407407408,62.96296296296296
11414,51,60,111,80.5945945945946,0,0,0,10,101,0.0,90.990990990991,54.054054054054056
11415,20,17,37,84.29729729729729,0,0,0,1,36,0.0,97.29729729729729,45.945945945945944
11416,925,902,1827,31.220032840722496,405,362,565,352,143,22.167487684729064,7.82703886152162,49.37055281882868
11417,21,15,36,77.05555555555556,0,0,0,3,33,0.0,91.66666666666667,41.666666666666664
11418,16,15,31,68.03225806451613,0,1,2,8,20,0.0,64.51612903225806,48.38709677419355
11419,615,660,1275,34.946666666666665,113,292,508,242,120,8.862745098039216,9.411764705882353,51.76470588235294
11420,18,19,37,23.324324324324323,0,26,11,0,0,0.0,0.0,51.351351351351354
11421,143,154,297,36.92929292929293,53,57,75,72,40,17.845117845117844,13.468013468013469,51.851851851851855
11422,35,39,74,23.93243243243243,0,61,12,0,1,0.0,1.3513513513513513,52.7027027027027
11423,177,163,340,34.97352941176471,22,80,145,62,31,6.470588235294118,9.117647058823529,47.94117647058823
11424,30,33,63,40.96825396825397,2,17,17,15,12,3.1746031746031744,19.047619047619047,52.38095238095238
11425,125,83,208,40.32692307692308,24,20,61,89,14,11.538461538461538,6.730769230769231,39.90384615384615
11501,13,12,25,39.8,4,2,5,13,1,16.0,4.0,48.0
11502,15,14,29,54.689655172413794,2,2,2,14,9,6.896551724137931,31.03448275862069,48.275862068965516
11503,15,29,44,84.68181818181819,0,0,0,0,44,0.0,100.0,65.9090909090909
11504,809,819,1628,44.834766584766584,280,132,357,418,441,17.1990171990172,27.088452088452087,50.307125307125304
11505,5,7,12,23.083333333333332,0,8,4,0,0,0.0,0.0,58.333333333333336
11506,17,12,29,24.137931034482758,1,16,11,1,0,3.4482758620689653,0.0,41.37931034482759
11507,10,12,22,69.4090909090909,0,0,1,7,14,0.0,63.63636363636363,54.54545454545455
11508,453,508,961,44.236212278876174,154,89,209,271,238,16.024973985431842,24.765868886576484,52.86160249739854
11509,44,47,91,50.417582417582416,9,5,20,27,30,9.89010989010989,32.967032967032964,51.64835164835165
11510,612,653,1265,46.18102766798419,183,101,252,413,316,14.466403162055336,24.9802371541502,51.6205533596838
11511,24,25,49,41.38775510204081,10,5,15,7,12,20.408163265306122,24.489795918367346,51.02040816326531
11512,276,322,598,38.974916387959865,138,69,123,174,94,23.076923076923077,15.719063545150501,53.84615384615385
11513,9,6,15,51.06666666666667,0,2,3,6,4,0.0,26.666666666666668,40.0
11514,9,10,19,51.8421052631579,3,0,1,8,7,15.789473684210526,36.8421052631579,52.63157894736842
11601,112,108,220,41.88181818181818,23,19,70,78,30,10.454545454545455,13.636363636363637,49.09090909090909
11602,38,32,70,44.642857142857146,9,6,16,25,14,12.857142857142858,20.0,45.714285714285715
11603,78,73,151,42.2317880794702,25,16,31,52,27,16.556291390728475,17.880794701986755,48.34437086092715
11604,398,383,781,39.09090909090909,157,79,205,224,116,20.102432778489117,14.852752880921894,49.039692701664535
11701,506,527,1033,38.005808325266216,145,191,310,233,154,14.036786060019361,14.908034849951598,51.01645692158761
11702,459,481,940,34.19893617021277,150,178,326,192,94,15.957446808510639,10.0,51.170212765957444
11703,539,553,1092,35.667582417582416,146,248,335,241,122,13.36996336996337,11.172161172161172,50.64102564102564
11704,419,471,890,43.321348314606745,162,107,161,227,233,18.202247191011235,26.179775280898877,52.92134831460674
11705,487,554,1041,36.984630163304516,96,255,313,251,126,9.221902017291066,12.103746397694524,53.2180595581172
11706,108,148,256,36.13671875,46,45,62,77,26,17.96875,10.15625,57.8125
11707,9,16,25,78.48,0,0,0,3,22,0.0,88.0,64.0
11708,358,383,741,42.19028340080972,102,94,207,189,149,13.765182186234817,20.10796221322537,51.686909581646425
11709,38,37,75,24.426666666666666,0,45,30,0,0,0.0,0.0,49.333333333333336
11710,48,45,93,24.27956989247312,0,62,30,1,0,0.0,0.0,48.38709677419355
11711,427,492,919,36.138193688792164,67,203,357,201,91,7.290533188248096,9.902067464635474,53.53645266594124
11712,98,108,206,39.33495145631068,37,30,40,73,26,17.961165048543688,12.62135922330097,52.42718446601942
11801,65,57,122,46.00819672131148,21,14,13,34,40,17.21311475409836,32.78688524590164,46.721311475409834
11802,205,188,393,39.49363867684478,84,37,95,115,62,21.374045801526716,15.776081424936386,47.837150127226465
11803,156,170,326,49.0920245398773,51,33,45,87,110,15.644171779141104,33.74233128834356,52.147239263803684
11804,45,52,97,44.65979381443299,12,8,22,32,23,12.371134020618557,23.711340206185568,53.608247422680414
11805,23,9,32,62.875,0,0,2,16,14,0.0,43.75,28.125
11806,2,9,11,77.0,0,0,0,2,9,0.0,81.81818181818181,81.81818181818181
11807,1054,1066,2120,39.698584905660375,438,219,553,520,390,20.660377358490567,18.39622641509434,50.283018867924525
11808,4,15,19,76.84210526315789,0,0,0,3,16,0.0,84.21052631578948,78.94736842105263
11809,15,10,25,40.2,2,4,7,10,2,8.0,8.0,40.0
11810,138,178,316,39.23101265822785,45,38,108,74,51,14.240506329113924,16.139240506329113,56.32911392405063
11811,11,17,28,42.67857142857143,5,1,9,6,7,17.857142857142858,25.0,60.714285714285715
11812,74,67,141,36.40425531914894,28,21,41,34,17,19.858156028368793,12.056737588652481,47.5177304964539
11901,258,222,480,41.80416666666667,50,39,171,158,62,10.416666666666666,12.916666666666666,46.25
11902,231,215,446,37.271300448430495,55,87,150,101,53,12.331838565022421,11.883408071748878,48.20627802690583
11903,34,27,61,41.18032786885246,7,5,21,19,9,11.475409836065573,14.754098360655737,44.26229508196721
11904,28,26,54,41.111111111111114,9,3,17,17,8,16.666666666666668,14.814814814814815,48.148148148148145
11905,101,103,204,39.30392156862745,46,14,57,48,39,22.54901960784314,19.11764705882353,50.490196078431374
11906,18,27,45,83.6,0,0,0,2,43,0.0,95.55555555555556,60.0
11907,21,48,69,86.8840579710145,0,0,0,3,66,0.0,95.65217391304348,69.56521739130434
11908,13,32,45,38.82222222222222,8,7,13,12,5,17.77777777777778,11.11111111111111,71.11111111111111
11909,299,280,579,37.50777202072539,47,111,247,89,85,8.117443868739205,14.680483592400691,48.35924006908463
11910,7,9,16,38.375,0,5,5,6,0,0.0,0.0,56.25
11911,352,325,677,37.48301329394387,104,93,215,187,78,15.36189069423929,11.521418020679468,48.005908419497786
11912,17,7,24,23.958333333333332,0,16,8,0,0,0.0,0.0,29.166666666666668
11913,286,213,499,23.723446893787575,4,331,161,3,0,0.8016032064128257,0.0,42.68537074148296
11914,129,142,271,35.239852398523986,64,30,87,52,38,23.616236162361623,14.022140221402214,52.398523985239855
11915,381,308,689,35.12917271407837,58,130,305,139,57,8.417997097242381,8.272859216255442,44.70246734397678
11916,271,274,545,36.46238532110092,124,76,133,141,71,22.75229357798165,13.027522935779816,50.27522935779817
11917,194,241,435,48.51954022988506,61,35,70,128,141,14.022988505747126,32.41379310344828,55.40229885057471
11918,47,65,112,64.9375,1,1,7,35,68,0.8928571428571429,60.714285714285715,58.035714285714285
11919,228,261,489,37.77914110429448,58,73,191,90,77,11.860940695296524,15.74642126789366,53.374233128834355
11920,142,118,260,42.84615384615385,42,20,73,65,60,16.153846153846153,23.076923076923077,45.38461538461539
11921,291,243,534,38.31460674157304,80,72,187,115,80,14.9812734082397,14.9812734082397,45.50561797752809
11922,283,300,583,43.57804459691252,85,65,129,178,126,14.579759862778731,21.612349914236706,51.45797598627787
11923,89,61,150,42.04666666666667,14,12,53,50,21,9.333333333333334,14.0,40.666666666666664
11924,35,34,69,42.768115942028984,4,7,22,30,6,5.797101449275362,8.695652173913043,49.27536231884058
11925,24,27,51,36.529411764705884,6,9,14,20,2,11.764705882352942,3.9215686274509802,52.94117647058823
12001,444,489,933,48.745980707395496,145,60,171,222,335,15.541264737406216,35.90568060021436,52.41157556270097
12002,97,87,184,38.255434782608695,34,19,57,45,29,18.47826086956522,15.76086956521739,47.28260869565217
12003,23,49,72,85.73611111111111,0,0,0,0,72,0.0,100.0,68.05555555555556
12004,619,626,1245,45.958232931726904,231,93,238,317,366,18.55421686746988,29.397590361445783,50.28112449799197
12005,16,21,37,74.75675675675676,0,0,1,8,28,0.0,75.67567567567568,56.75675675675676
12006,557,696,1253,44.66560255387071,191,137,225,407,293,15.24341580207502,23.383878691141263,55.54668794892259
12007,2,3,5,23.0,0,4,1,0,0,0.0,0.0,60.0
12008,598,657,1255,35.52270916334661,386,98,319,274,178,30.756972111553786,14.183266932270916,52.35059760956175
12009,83,78,161,40.267080745341616,28,27,36,40,30,17.391304347826086,18.633540372670808,48.4472049689441
12010,42,36,78,43.38461538461539,10,15,12,21,20,12.820512820512821,25.641025641025642,46.15384615384615
12101,48,38,86,40.26744186046512,21,8,16,24,17,24.41860465116279,19.767441860465116,44.18604651162791
12102,262,275,537,47.374301675977655,97,39,94,136,171,18.063314711359403,31.843575418994412,51.21042830540037
12103,1051,1071,2122,43.895852968897266,398,190,444,543,547,18.75589066918002,25.777568331762488,50.471253534401505
12104,3,15,18,80.33333333333333,0,0,0,3,15,0.0,83.33333333333333,83.33333333333333
12105,199,141,340,42.529411764705884,53,26,88,124,49,15.588235294117647,14.411764705882353,41.470588235294116
12106,1184,1232,2416,38.957367549668874,579,182,661,476,518,23.96523178807947,21.44039735099338,50.99337748344371
12107,75,65,140,42.885714285714286,26,9,37,38,30,18.571428571428573,21.428571428571427,46.42857142857143
12108,162,150,312,37.49038461538461,72,30,90,71,49,23.076923076923077,15.705128205128204,48.07692307692308
12201,244,226,470,35.52553191489362,79,83,151,105,52,16.80851063829787,11.063829787234043,48.08510638297872
12202,606,624,1230,35.43414634146342,212,203,375,329,111,17.235772357723576,9.024390243902438,50.73170731707317
12203,356,356,712,33.657303370786515,63,206,269,106,68,8.848314606741573,9.55056179775281,50.0
12204,242,208,450,34.19555555555556,25,138,176,66,45,5.555555555555555,10.0,46.22222222222222
12205,102,81,183,34.77049180327869,14,44,72,38,15,7.6502732240437155,8.19672131147541,44.26229508196721
12206,699,568,1267,29.472770323599054,147,431,461,175,53,11.602209944751381,4.183109707971586,44.83030781373323
12207,305,340,645,36.11162790697674,62,154,217,142,70,9.612403100775193,10.852713178294573,52.713178294573645
12208,183,180,363,38.09366391184573,47,54,111,113,38,12.947658402203857,10.46831955922865,49.586776859504134
12209,219,234,453,37.29359823399559,21,109,172,96,55,4.635761589403973,12.141280353200884,51.65562913907285
12210,276,292,568,33.894366197183096,147,71,178,90,82,25.880281690140844,14.43661971830986,51.40845070422535
12211,39,30,69,43.14492753623188,14,5,15,15,20,20.28985507246377,28.985507246376812,43.47826086956522
12212,27,27,54,76.27777777777777,0,0,4,6,44,0.0,81.48148148148148,50.0
12213,15,10,25,64.0,0,0,2,8,15,0.0,60.0,40.0
12214,10,17,27,75.51851851851852,0,0,1,6,20,0.0,74.07407407407408,62.96296296296296
12215,5,13,18,75.0,0,0,0,3,15,0.0,83.33333333333333,72.22222222222223
12216,19,11,30,67.46666666666667,0,0,2,13,15,0.0,50.0,36.666666666666664
12217,17,20,37,22.945945945945947,2,22,13,0,0,5.405405405405405,0.0,54.054054054054056
12218,40,42,82,26.817073170731707,4,35,38,4,1,4.878048780487805,1.2195121951219512,51.21951219512195
12219,48,62,110,23.62727272727273,1,76,33,0,0,0.9090909090909091,0.0,56.36363636363637
12220,259,226,485,32.83505154639175,17,148,226,55,39,3.5051546391752577,8.041237113402062,46.597938144329895
12221,42,25,67,22.47761194029851,0,56,11,0,0,0.0,0.0,37.3134328358209
12222,17,12,29,23.79310344827586,0,20,9,0,0,0.0,0.0,41.37931034482759
12223,41,43,84,41.107142857142854,3,27,27,3,24,3.5714285714285716,28.571428571428573,51.19047619047619
12224,22,23,45,24.68888888888889,0,29,15,1,0,0.0,0.0,51.111111111111114
12225,443,442,885,35.95593220338983,58,219,360,138,110,6.553672316384181,12.429378531073446,49.943502824858754
12226,6,5,11,21.818181818181817,0,9,2,0,0,0.0,0.0,45.45454545454545
12227,20,23,43,23.093023255813954,0,33,10,0,0,0.0,0.0,53.48837209302326
12228,142,134,276,30.514492753623188,15,93,124,34,10,5.434782608695652,3.6231884057971016,48.55072463768116
12229,75,80,155,33.39354838709677,24,34,60,23,14,15.483870967741936,9.03225806451613,51.61290322580645
12230,482,524,1006,34.84592445328032,69,236,420,196,85,6.858846918489066,8.449304174950298,52.087475149105366
12231,201,226,427,33.36533957845433,28,106,180,90,23,6.557377049180328,5.386416861826698,52.92740046838407
12232,119,172,291,57.402061855670105,18,13,28,108,124,6.185567010309279,42.61168384879725,59.106529209621996
12233,110,124,234,43.12820512820513,42,23,48,65,56,17.94871794871795,23.931623931623932,52.99145299145299
12234,99,162,261,48.61302681992337,21,44,47,59,90,8.045977011494253,34.48275862068966,62.06896551724138
12235,111,105,216,30.587962962962962,19,70,88,28,11,8.796296296296296,5.092592592592593,48.611111111111114
12236,338,302,640,33.971875,126,125,191,121,77,19.6875,12.03125,47.1875
12237,802,847,1649,35.19648271679806,174,370,642,296,167,10.55184960582171,10.127349909035779,51.36446331109764
12238,91,63,154,34.40909090909091,8,49,58,27,12,5.194805194805195,7.792207792207792,40.90909090909091
12239,441,445,886,40.17945823927765,169,89,241,217,170,19.0744920993228,19.187358916478555,50.22573363431151
12240,42,61,103,49.71844660194175,15,12,15,20,41,14.563106796116505,39.80582524271845,59.22330097087379
12301,31,26,57,38.78947368421053,7,13,10,20,7,12.280701754385966,12.280701754385966,45.6140350877193
12302,415,444,859,42.89988358556461,159,77,171,250,202,18.509895227008148,23.515715948777647,51.68800931315483
12303,58,60,118,33.3728813559322,32,13,33,26,14,27.11864406779661,11.864406779661017,50.847457627118644
12304,28,37,65,84.35384615384615,0,0,0,2,63,0.0,96.92307692307692,56.92307692307692
12305,3,6,9,82.88888888888889,0,0,0,0,9,0.0,100.0,66.66666666666667
12306,1784,1865,3649,43.6634694436832,718,302,745,927,957,19.67662373252946,26.226363387229377,51.109893121403125
12307,11,30,41,81.09756097560975,0,0,0,2,39,0.0,95.1219512195122,73.17073170731707
12308,81,79,160,36.46875,33,23,35,55,14,20.625,8.75,49.375
12309,237,270,507,46.55424063116371,71,46,97,138,155,14.003944773175542,30.57199211045365,53.25443786982248
12401,595,605,1200,37.663333333333334,201,182,335,332,150,16.75,12.5,50.416666666666664
12402,740,842,1582,37.65107458912769,107,415,533,284,243,6.763590391908976,15.360303413400759,53.22376738305942
12403,258,251,509,40.75834970530452,69,48,172,143,77,13.555992141453832,15.12770137524558,49.31237721021611
12404,12,35,47,86.40425531914893,0,0,0,1,46,0.0,97.87234042553192,74.46808510638297
12405,14,21,35,74.68571428571428,0,0,1,6,28,0.0,80.0,60.0
12406,26,20,46,68.6304347826087,0,2,3,7,34,0.0,73.91304347826087,43.47826086956522
12407,2,1,3,69.33333333333333,0,0,0,1,2,0.0,66.66666666666667,33.333333333333336
12408,1,2,3,78.66666666666667,0,0,0,1,2,0.0,66.66666666666667,66.66666666666667
12409,1,0,1,68.0,0,0,0,0,1,0.0,100.0,0.0
12410,1,1,2,84.5,0,0,0,0,2,0.0,100.0,50.0
12411,1,2,3,91.0,0,0,0,0,3,0.0,100.0,66.66666666666667
12412,0,2,2,82.5,0,0,0,0,2,0.0,100.0,100.0
12413,1,1,2,87.0,0,0,0,0,2,0.0,100.0,50.0
12414,1,0,1,81.0,0,0,0,0,1,0.0,100.0,0.0
12415,370,443,813,44.083640836408364,158,60,166,217,212,19.43419434194342,26.076260762607625,54.48954489544895
12416,4,8,12,24.083333333333332,0,9,3,0,0,0.0,0.0,66.66666666666667
12417,755,745,1500,37.20933333333333,315,151,451,382,201,21.0,13.4,49.666666666666664
12419,959,908,1867,34.23727905731119,279,362,668,431,127,14.94376004284949,6.8023567220139265,48.63417246920193
12421,35,29,64,38.28125,8,8,24,20,4,12.5,6.25,45.3125
12422,20,14,34,46.6764705882353,4,0,6,19,5,11.764705882352942,14.705882352941176,41.1764705882353
12501,365,413,778,46.12853470437018,117,66,174,195,226,15.038560411311053,29.04884318766067,53.084832904884315
12502,18,15,33,38.93939393939394,5,5,9,10,4,15.151515151515152,12.121212121212121,45.45454545454545
12504,18,15,33,83.24242424242425,0,0,0,1,32,0.0,96.96969696969697,45.45454545454545
12505,4,6,10,71.2,0,0,0,3,7,0.0,70.0,60.0
12506,825,923,1748,37.41762013729977,347,234,496,439,232,19.851258581235697,13.272311212814646,52.80320366132723
12507,14,5,19,24.05263157894737,0,13,6,0,0,0.0,0.0,26.31578947368421
12508,5,7,12,22.916666666666668,0,9,3,0,0,0.0,0.0,58.333333333333336
12509,1166,1138,2304,40.59722222222222,444,277,542,550,491,19.270833333333332,21.31076388888889,49.392361111111114
12510,167,141,308,42.78896103896104,52,37,59,95,65,16.883116883116884,21.103896103896105,45.77922077922078
12511,202,181,383,44.17232375979112,53,50,70,128,82,13.838120104438643,21.409921671018278,47.25848563968668
12512,112,113,225,26.613333333333333,89,7,89,35,5,39.55555555555556,2.2222222222222223,50.22222222222222
12513,5,8,13,63.61538461538461,1,0,1,4,7,7.6923076923076925,53.84615384615385,61.53846153846154
12514,23,18,41,41.09756097560975,4,2,16,17,2,9.75609756097561,4.878048780487805,43.90243902439025
12515,8,8,16,39.3125,2,2,5,6,1,12.5,6.25,50.0
12601,65,61,126,39.54761904761905,22,15,32,41,16,17.46031746031746,12.698412698412698,48.41269841269841
12602,21,19,40,44.5,1,10,6,14,9,2.5,22.5,47.5
12603,98,97,195,38.312820512820515,46,22,47,41,39,23.58974358974359,20.0,49.743589743589745
12604,77,71,148,37.054054054054056,26,30,33,44,15,17.56756756756757,10.135135135135135,47.972972972972975
12605,1386,1489,2875,38.89286956521739,693,229,790,591,572,24.104347826086958,19.895652173913042,51.791304347826085
12606,424,413,837,43.71087216248507,130,71,212,236,188,15.531660692951016,22.461170848267624,49.34289127837515
12607,30,19,49,48.42857142857143,3,7,6,21,12,6.122448979591836,24.489795918367346,38.775510204081634
12801,62,60,122,45.967213114754095,16,13,17,49,27,13.114754098360656,22.131147540983605,49.18032786885246
12802,12,11,23,52.95652173913044,2,2,3,6,10,8.695652173913043,43.47826086956522,47.82608695652174
12803,13,8,21,50.76190476190476,3,0,4,6,8,14.285714285714286,38.095238095238095,38.095238095238095
12804,76,68,144,44.388888888888886,17,19,25,56,27,11.805555555555555,18.75,47.22222222222222
12805,132,120,252,43.24603174603175,46,23,56,68,59,18.253968253968253,23.41269841269841,47.61904761904762
12806,513,520,1033,43.13455953533398,179,91,234,293,236,17.32817037754114,22.846079380445303,50.33881897386254
12807,239,194,433,31.99538106235566,137,43,129,93,31,31.63972286374134,7.159353348729792,44.80369515011547
12901,807,830,1637,42.207697006719606,336,127,374,427,373,20.525351252290776,22.785583384239462,50.70250458155162
12902,385,394,779,42.97047496790757,145,78,148,230,178,18.613607188703465,22.849807445442874,50.57766367137356
12903,60,47,107,37.44859813084112,23,14,21,40,9,21.49532710280374,8.411214953271028,43.925233644859816
12904,11,8,19,40.89473684210526,2,3,5,5,4,10.526315789473685,21.05263157894737,42.10526315789474
13001,479,591,1070,45.42056074766355,158,94,246,275,297,14.766355140186915,27.757009345794394,55.23364485981308
13002,281,293,574,36.33449477351916,150,61,145,136,82,26.13240418118467,14.285714285714286,51.045296167247386
13003,291,296,587,49.921635434412266,77,49,106,146,209,13.117546848381602,35.604770017035776,50.42589437819421
13004,306,283,589,43.806451612903224,66,82,158,144,139,11.205432937181664,23.599320882852293,48.04753820033956
13005,140,145,285,37.901754385964914,75,23,62,84,41,26.31578947368421,14.385964912280702,50.87719298245614
13006,248,251,499,39.73346693386774,85,55,147,128,84,17.034068136272545,16.83366733466934,50.300601202404806
13007,805,801,1606,39.702988792029885,335,165,388,439,279,20.859277708592778,17.372353673723538,49.87546699875467
13008,8,20,28,70.28571428571429,0,0,3,5,20,0.0,71.42857142857143,71.42857142857143
13009,873,952,1825,48.53808219178082,267,142,348,428,640,14.63013698630137,35.06849315068493,52.16438356164384
13010,17,42,59,81.23728813559322,0,0,0,5,54,0.0,91.52542372881356,71.1864406779661
13101,28,23,51,38.470588235294116,10,8,11,14,8,19.607843137254903,15.686274509803921,45.09803921568628
13102,134,118,252,40.67460317460318,45,34,50,86,37,17.857142857142858,14.682539682539682,46.82539682539682
13103,74,69,143,41.05594405594405,31,15,28,42,27,21.678321678321677,18.88111888111888,48.25174825174825
13104,7,6,13,38.23076923076923,5,0,3,2,3,38.46153846153846,23.076923076923077,46.15384615384615
13105,76,58,134,41.156716417910445,15,19,32,54,14,11.194029850746269,10.447761194029852,43.28358208955224
13106,3,2,5,21.4,3,0,2,0,0,60.0,0.0,40.0
13107,62,60,122,37.30327868852459,34,7,29,35,17,27.868852459016395,13.934426229508198,49.18032786885246
13108,15,11,26,44.57692307692308,4,3,3,11,5,15.384615384615385,19.23076923076923,42.30769230769231
13109,21,15,36,43.5,5,3,10,9,9,13.88888888888889,25.0,41.666666666666664
13110,74,68,142,38.63380281690141,30,18,28,51,15,21.12676056338028,10.56338028169014,47.88732394366197
13111,133,103,236,40.3771186440678,44,21,57,79,35,18.64406779661017,14.830508474576272,43.644067796610166
13112,995,1032,2027,34.749383325111005,494,277,558,447,251,24.37099161322151,12.38283177109028,50.91267883571781
13201,515,551,1066,39.46435272045028,223,133,245,288,177,20.919324577861165,16.604127579737337,51.688555347091935
13202,9,18,27,84.4074074074074,0,0,0,0,27,0.0,100.0,66.66666666666667
13203,1638,1717,3355,39.64977645305514,735,348,722,986,564,21.907600596125185,16.810730253353203,51.177347242921016
13204,0,3,3,91.0,0,0,0,0,3,0.0,100.0,100.0
13205,279,295,574,37.90940766550523,123,71,134,164,82,21.428571428571427,14.285714285714286,51.393728222996515
13206,8,26,34,80.6470588235294,0,0,0,3,31,0.0,91.17647058823529,76.47058823529412
13207,437,425,862,32.85498839907193,151,203,276,150,82,17.51740139211137,9.51276102088167,49.303944315545245
13208,15,10,25,24.56,0,13,12,0,0,0.0,0.0,40.0
13401,206,187,393,40.87786259541985,67,45,96,120,65,17.048346055979643,16.53944020356234,47.58269720101781
13402,217,212,429,40.282051282051285,71,56,98,141,63,16.55011655011655,14.685314685314685,49.417249417249415
13403,13,16,29,44.827586206896555,4,3,6,9,7,13.793103448275861,24.137931034482758,55.172413793103445
13404,185,157,342,42.05555555555556,56,46,79,88,73,16.374269005847953,21.34502923976608,45.90643274853801
13405,200,168,368,40.91304347826087,63,43,75,134,53,17.119565217391305,14.402173913043478,45.65217391304348
13406,13,22,35,85.2,0,0,0,0,35,0.0,100.0,62.857142857142854
13407,5,7,12,74.91666666666667,0,0,0,4,8,0.0,66.66666666666667,58.333333333333336
13408,58,53,111,43.450450450450454,19,13,16,39,24,17.117117117117118,21.62162162162162,47.747747747747745
13409,604,611,1215,40.3679012345679,269,139,241,312,254,22.13991769547325,20.905349794238685,50.288065843621396
13501,657,710,1367,33.93782004389173,100,361,560,225,121,7.315288953913679,8.851499634235552,51.93855157278713
13502,352,409,761,40.12746386333772,53,190,226,155,137,6.964520367936925,18.00262812089356,53.745072273324574
13503,51,34,85,41.23529411764706,6,6,31,39,3,7.0588235294117645,3.5294117647058822,40.0
13504,471,391,862,32.22389791183295,54,321,311,93,83,6.2645011600928076,9.62877030162413,45.359628770301626
13505,371,383,754,38.30769230769231,28,263,214,109,140,3.713527851458886,18.56763925729443,50.795755968169765
13506,202,220,422,45.15165876777251,42,65,84,131,100,9.95260663507109,23.696682464454977,52.132701421800945
13507,35,30,65,39.30769230769231,8,10,14,26,7,12.307692307692308,10.76923076923077,46.15384615384615
13508,561,613,1174,35.84412265758092,102,290,406,231,145,8.68824531516184,12.350936967632027,52.21465076660988
13509,4,28,32,84.40625,0,0,0,1,31,0.0,96.875,87.5
13510,8,35,43,84.18604651162791,0,0,0,0,43,0.0,100.0,81.3953488372093
13511,9,21,30,77.8,0,0,0,4,26,0.0,86.66666666666667,70.0
13512,31,31,62,41.596774193548384,0,19,21,8,14,0.0,22.580645161290324,50.0
13513,364,375,739,40.09336941813261,34,214,215,118,158,4.600811907983762,21.380243572395127,50.74424898511502
13514,14,17,31,62.83870967741935,1,1,6,3,20,3.225806451612903,64.51612903225806,54.83870967741935
13515,23,24,47,32.319148936170215,1,20,16,9,1,2.127659574468085,2.127659574468085,51.06382978723404
13516,27,17,44,58.86363636363637,0,0,6,24,14,0.0,31.818181818181817,38.63636363636363
13517,16,15,31,22.774193548387096,0,25,6,0,0,0.0,0.0,48.38709677419355
13518,19,14,33,23.575757575757574,0,21,12,0,0,0.0,0.0,42.42424242424242
13519,16,21,37,23.56756756756757,0,26,11,0,0,0.0,0.0,56.75675675675676
13520,13,11,24,24.458333333333332,0,17,6,1,0,0.0,0.0,45.833333333333336
13521,16,22,38,28.763157894736842,2,15,15,5,1,5.2631578947368425,2.6315789473684212,57.89473684210526
13522,8,16,24,24.166666666666668,0,16,8,0,0,0.0,0.0,66.66666666666667
13523,15,18,33,23.96969696969697,0,20,13,0,0,0.0,0.0,54.54545454545455
13524,6,13,19,25.473684210526315,0,9,10,0,0,0.0,0.0,68.42105263157895
13525,17,23,40,23.9,0,28,12,0,0,0.0,0.0,57.5
13526,7,12,19,22.57894736842105,0,16,3,0,0,0.0,0.0,63.1578947368421
13527,623,641,1264,35.92879746835443,116,317,458,193,180,9.177215189873417,14.240506329113924,50.712025316455694
13528,17,26,43,23.837209302325583,0,32,11,0,0,0.0,0.0,60.46511627906977
13529,14,13,27,25.22222222222222,0,14,13,0,0,0.0,0.0,48.148148148148145
13530,343,406,749,42.01335113484646,54,150,222,158,165,7.209612817089453,22.029372496662216,54.205607476635514
13531,44,46,90,23.788888888888888,0,61,29,0,0,0.0,0.0,51.111111111111114
13532,19,19,38,23.05263157894737,4,16,18,0,0,10.526315789473685,0.0,50.0
13533,650,572,1222,33.215220949263504,94,410,407,214,97,7.6923076923076925,7.937806873977086,46.808510638297875
13534,19,25,44,23.90909090909091,0,28,16,0,0,0.0,0.0,56.81818181818182
13535,464,416,880,37.23522727272727,31,254,327,142,126,3.522727272727273,14.318181818181818,47.27272727272727
13536,17,11,28,22.892857142857142,0,21,7,0,0,0.0,0.0,39.285714285714285
13537,11,25,36,22.97222222222222,0,28,8,0,0,0.0,0.0,69.44444444444444
13538,16,15,31,23.225806451612904,1,21,9,0,0,3.225806451612903,0.0,48.38709677419355
13539,1031,948,1979,32.69934310257706,140,611,774,301,153,7.074279939363315,7.731177362304194,47.90298130368873
13540,48,63,111,23.234234234234233,2,69,40,0,0,1.8018018018018018,0.0,56.75675675675676
13542,803,917,1720,38.801162790697674,138,369,606,295,312,8.023255813953488,18.13953488372093,53.31395348837209
13543,3,3,6,24.833333333333332,2,0,3,1,0,33.333333333333336,0.0,50.0
13545,130,138,268,27.044776119402986,15,127,110,5,11,5.597014925373134,4.104477611940299,51.492537313432834
13546,79,50,129,30.689922480620154,3,50,53,20,3,2.3255813953488373,2.3255813953488373,38.75968992248062
13701,16,12,28,33.392857142857146,5,6,9,6,2,17.857142857142858,7.142857142857143,42.857142857142854
13702,5,3,8,34.0,3,1,0,4,0,37.5,0.0,37.5
13703,228,217,445,38.92584269662921,87,63,82,158,55,19.55056179775281,12.359550561797754,48.764044943820224
13704,384,406,790,39.332911392405066,124,136,167,239,124,15.69620253164557,15.69620253164557,51.392405063291136
13705,126,112,238,34.37394957983193,46,45,63,65,19,19.327731092436974,7.983193277310924,47.05882352941177
13706,147,135,282,41.808510638297875,54,29,50,97,52,19.148936170212767,18.43971631205674,47.87234042553192
13707,210,228,438,39.449771689497716,50,80,128,108,72,11.415525114155251,16.438356164383563,52.054794520547944
13708,5,15,20,62.2,0,0,3,10,7,0.0,35.0,75.0
13709,612,470,1082,32.16173752310536,30,479,351,144,78,2.7726432532347505,7.208872458410351,43.438077634011094
13710,157,168,325,24.209230769230768,0,203,121,1,0,0.0,0.0,51.69230769230769
13711,148,165,313,36.926517571884986,21,72,131,40,49,6.7092651757188495,15.654952076677317,52.715654952076676
13712,27,14,41,23.390243902439025,0,30,11,0,0,0.0,0.0,34.146341463414636
13713,92,107,199,38.64824120603015,47,16,47,65,24,23.618090452261306,12.06030150753769,53.768844221105525
13714,8,1,9,41.22222222222222,0,1,3,5,0,0.0,0.0,11.11111111111111
13715,573,568,1141,33.104294478527606,82,350,444,146,119,7.186678352322524,10.429447852760736,49.7808939526731
13801,112,119,231,50.32900432900433,27,19,39,57,89,11.688311688311689,38.52813852813853,51.515151515151516
13802,353,313,666,35.24324324324324,82,119,243,178,44,12.312312312312311,6.606606606606607,46.996996996997
13803,6,3,9,29.77777777777778,1,2,4,2,0,11.11111111111111,0.0,33.333333333333336
13804,398,424,822,46.49513381995134,114,96,135,232,245,13.86861313868613,29.805352798053526,51.58150851581509
13805,19,16,35,35.542857142857144,9,3,12,7,4,25.714285714285715,11.428571428571429,45.714285714285715
13806,17,17,34,32.14705882352941,9,4,10,8,3,26.470588235294116,8.823529411764707,50.0
13807,273,256,529,45.1758034026465,50,56,122,200,101,9.45179584120983,19.092627599243855,48.39319470699433
13808,12,33,45,82.31111111111112,0,0,0,3,42,0.0,93.33333333333333,73.33333333333333
13809,966,1012,1978,40.21840242669363,325,238,550,490,375,16.430738119312437,18.958543983822043,51.16279069767442
13810,4,7,11,23.363636363636363,0,9,2,0,0,0.0,0.0,63.63636363636363
13811,3,8,11,24.818181818181817,1,3,7,0,0,9.090909090909092,0.0,72.72727272727273
13812,186,188,374,45.096256684491976,49,43,83,92,107,13.101604278074866,28.609625668449198,50.26737967914438
13813,12,4,16,23.375,0,14,1,1,0,0.0,0.0,25.0
13814,295,315,610,39.011475409836066,86,58,230,162,74,14.098360655737705,12.131147540983607,51.63934426229508
13815,30,31,61,23.770491803278688,0,44,17,0,0,0.0,0.0,50.81967213114754
13816,581,600,1181,40.06181202370872,139,155,379,326,182,11.769686706181202,15.410668924640136,50.804403048264184
13817,24,16,40,22.225,0,38,2,0,0,0.0,0.0,40.0
13818,167,231,398,38.01005025125628,68,55,112,100,63,17.08542713567839,15.829145728643216,58.040201005025125
13819,300,221,521,23.48560460652591,2,344,175,0,0,0.3838771593090211,0.0,42.41842610364683
13820,28,76,104,84.77884615384616,0,0,0,2,102,0.0,98.07692307692308,73.07692307692308
13821,23,32,55,81.32727272727273,0,0,0,4,51,0.0,92.72727272727273,58.18181818181818
13822,364,435,799,45.46433041301627,125,100,164,176,234,15.644555694618273,29.286608260325405,54.44305381727159
13823,120,153,273,36.124542124542124,47,41,91,61,33,17.216117216117215,12.087912087912088,56.043956043956044
13824,159,162,321,47.401869158878505,52,26,67,65,111,16.1993769470405,34.57943925233645,50.467289719626166
13825,127,172,299,54.43478260869565,17,28,51,71,132,5.68561872909699,44.147157190635454,57.525083612040135
13826,293,362,655,48.49923664122137,91,66,97,175,226,13.893129770992367,34.50381679389313,55.267175572519086
13829,9,4,13,38.15384615384615,0,1,8,4,0,0.0,0.0,30.76923076923077
13901,345,318,663,47.450980392156865,79,69,120,193,202,11.91553544494721,30.46757164404223,47.963800904977376
13902,433,417,850,31.78705882352941,206,149,258,163,74,24.235294117647058,8.705882352941176,49.05882352941177
13903,423,384,807,32.391573729863694,194,164,193,189,67,24.039653035935565,8.302354399008674,47.58364312267658
13904,73,68,141,35.666666666666664,35,16,42,26,22,24.822695035460992,15.602836879432624,48.226950354609926
13905,337,336,673,29.549777117384846,197,134,166,134,42,29.27191679049034,6.240713224368499,49.925705794947994
13906,204,200,404,44.551980198019805,71,47,66,87,133,17.574257425742573,32.92079207920792,49.504950495049506
13907,132,122,254,25.003937007874015,94,55,59,38,8,37.00787401574803,3.1496062992125986,48.031496062992126
13908,465,489,954,31.446540880503143,234,212,232,197,79,24.528301886792452,8.280922431865829,51.257861635220124
13909,33,61,94,82.0,0,0,0,4,90,0.0,95.74468085106383,64.8936170212766
13910,33,17,50,42.62,3,3,19,19,6,6.0,12.0,34.0
16002,13,7,20,79.65,0,0,0,1,19,0.0,95.0,35.0
16003,9,23,32,79.34375,0,0,0,3,29,0.0,90.625,71.875
16004,347,416,763,52.44429882044561,71,53,92,265,282,9.305373525557012,36.959370904325034,54.521625163827
16005,2,7,9,72.88888888888889,0,0,0,2,7,0.0,77.77777777777777,77.77777777777777
16006,3,7,10,70.1,0,0,1,3,6,0.0,60.0,70.0
16007,62,44,106,38.264150943396224,15,23,25,30,13,14.150943396226415,12.264150943396226,41.509433962264154
16008,51,40,91,36.86813186813187,18,13,21,31,8,19.78021978021978,8.791208791208792,43.956043956043956
16009,353,236,589,36.60950764006791,32,121,244,152,40,5.432937181663837,6.791171477079796,40.0679117147708
16011,247,253,500,47.066,68,34,113,127,158,13.6,31.6,50.6
16012,48,61,109,49.38532110091743,15,6,16,35,37,13.761467889908257,33.944954128440365,55.96330275229358
16015,13,12,25,40.68,5,2,6,6,6,20.0,24.0,48.0
16017,46,51,97,41.65979381443299,16,11,24,29,17,16.49484536082474,17.52577319587629,52.577319587628864
16019,6,6,12,22.166666666666668,6,0,6,0,0,50.0,0.0,50.0
16020,7,6,13,42.53846153846154,3,0,3,4,3,23.076923076923077,23.076923076923077,46.15384615384615
16023,50,40,90,39.67777777777778,17,10,21,28,14,18.88888888888889,15.555555555555555,44.44444444444444
16025,349,347,696,44.410919540229884,117,57,154,201,167,16.810344827586206,23.99425287356322,49.85632183908046
16026,338,359,697,37.75035868005739,152,67,197,158,123,21.8077474892396,17.647058823529413,51.506456241033
16027,12,11,23,41.04347826086956,4,4,3,10,2,17.391304347826086,8.695652173913043,47.82608695652174
16028,17,12,29,39.724137931034484,6,1,9,10,3,20.689655172413794,10.344827586206897,41.37931034482759
16401,86,96,182,41.357142857142854,31,22,36,65,28,17.032967032967033,15.384615384615385,52.747252747252745
16402,165,158,323,32.256965944272444,87,44,89,88,15,26.934984520123837,4.643962848297214,48.916408668730654
16403,26,17,43,68.72093023255815,0,0,0,17,26,0.0,60.46511627906977,39.53488372093023
16404,14,20,34,70.17647058823529,0,0,2,8,24,0.0,70.58823529411765,58.8235294117647
16405,11,8,19,52.21052631578947,1,2,3,7,6,5.2631578947368425,31.57894736842105,42.10526315789474
16406,24,13,37,22.513513513513512,0,30,7,0,0,0.0,0.0,35.13513513513514
16407,2,1,3,24.666666666666668,0,1,2,0,0,0.0,0.0,33.333333333333336
16408,7,2,9,23.333333333333332,0,6,3,0,0,0.0,0.0,22.22222222222222
16409,4,3,7,27.142857142857142,1,4,1,0,1,14.285714285714286,14.285714285714286,42.857142857142854
16410,5,2,7,25.714285714285715,0,4,3,0,0,0.0,0.0,28.571428571428573
16411,33,14,47,23.48936170212766,0,31,16,0,0,0.0,0.0,29.78723404255319
16412,349,325,674,23.811572700296736,3,468,199,4,0,0.44510385756676557,0.0,48.21958456973294
16413,8,4,12,60.916666666666664,0,0,1,8,3,0.0,25.0,33.333333333333336
16414,23,18,41,22.951219512195124,1,28,12,0,0,2.4390243902439024,0.0,43.90243902439025
16415,57,34,91,24.12087912087912,0,58,33,0,0,0.0,0.0,37.362637362637365
16416,275,266,541,34.059149722735675,36,180,203,45,77,6.654343807763401,14.232902033271719,49.16820702402958
16417,341,258,599,25.731218697829718,23,362,179,21,14,3.8397328881469117,2.337228714524207,43.07178631051753
16419,2,2,4,22.75,0,4,0,0,0,0.0,0.0,50.0
16420,2,2,4,22.5,0,2,2,0,0,0.0,0.0,50.0
16421,1,3,4,22.75,0,4,0,0,0,0.0,0.0,75.0
16422,3,1,4,22.25,0,4,0,0,0,0.0,0.0,25.0
16423,2,3,5,22.6,0,4,1,0,0,0.0,0.0,60.0
16424,2,3,5,21.6,0,5,0,0,0,0.0,0.0,60.0
16425,526,547,1073,43.014911463187325,175,123,196,368,211,16.309412861136998,19.664492078285182,50.97856477166822
16426,1102,1211,2313,45.046260268050155,370,193,474,675,601,15.996541288370082,25.98357111975789,52.35624729788154
16427,432,475,907,36.36824696802646,175,94,305,225,108,19.294377067254686,11.907386990077178,52.37045203969129
16428,17,43,60,85.4,0,0,0,1,59,0.0,98.33333333333333,71.66666666666667
16429,43,38,81,32.49382716049383,14,18,25,20,4,17.28395061728395,4.938271604938271,46.91358024691358
17501,101,93,194,42.922680412371136,28,22,50,45,49,14.43298969072165,25.257731958762886,47.93814432989691
17502,125,114,239,49.93305439330544,32,23,32,60,92,13.389121338912133,38.49372384937239,47.69874476987448
17503,280,209,489,30.69120654396728,122,103,130,115,19,24.948875255623722,3.885480572597137,42.740286298568506
17505,83,119,202,53.09405940594059,15,5,44,76,62,7.425742574257426,30.693069306930692,58.91089108910891
17506,570,654,1224,46.3921568627451,192,105,249,299,379,15.686274509803921,30.964052287581698,53.431372549019606
17507,423,380,803,29.957658779576587,173,228,198,167,37,21.54420921544209,4.60772104607721,47.3225404732254
17508,101,38,139,38.35971223021583,7,29,50,41,12,5.0359712230215825,8.633093525179856,27.33812949640288
99999,283,92,375,33.74666666666667,13,99,177,78,8,3.466666666666667,2.1333333333333333,24.533333333333335
